യു.എസ്‌.എ.	അമേരിക്കൻ ഐക്യനാടുകൾ	<http://ml.wikipedia.org/wiki/അമേരിക്കൻ_ഐക്യനാടുകൾ>	
യു.എസ്.എ.	അമേരിക്കൻ ഐക്യനാടുകൾ	<http://ml.wikipedia.org/wiki/അമേരിക്കൻ_ഐക്യനാടുകൾ>	
ഇ.എം.എസ്.	ഇ.എം.എസ്‌. നമ്പൂതിരിപ്പാട്‌	<http://ml.wikipedia.org/wiki/ഇ.എം.എസ്‌._നമ്പൂതിരിപ്പാട്‌>	
യു.എൻ.	ഐക്യരാഷ്ട്രസഭ	<http://ml.wikipedia.org/wiki/ഐക്യരാഷ്ട്രസഭ>	
കേരളകലാമണ്ടലം.	കേരളകലാമണ്ഡലം	<http://ml.wikipedia.org/wiki/കേരളകലാമണ്ഡലം>	
എച്.റ്റി.എം.എൽ.	എച്.ടി.എം.എൽ.	<http://ml.wikipedia.org/wiki/എച്.ടി.എം.എൽ.>	
എച്ച്.ടി.എം.എൽ.	എച്.ടി.എം.എൽ.	<http://ml.wikipedia.org/wiki/എച്.ടി.എം.എൽ.>	
P.v.c.	പോളി വിനൈൽ ക്ലോറൈഡ്	<http://ml.wikipedia.org/wiki/പോളി_വിനൈൽ_ക്ലോറൈഡ്>	
പി.വി.സി.	പോളി വിനൈൽ ക്ലോറൈഡ്	<http://ml.wikipedia.org/wiki/പോളി_വിനൈൽ_ക്ലോറൈഡ്>	
എ.കെ.ജി.	എ.കെ. ഗോപാലൻ	<http://ml.wikipedia.org/wiki/എ.കെ._ഗോപാലൻ>	
പി.ഡി.എഫ്‌.	പോർട്ടബിൾ ഡോക്യുമെന്റ് ഫോർമാറ്റ്	<http://ml.wikipedia.org/wiki/പോർട്ടബിൾ_ഡോക്യുമെന്റ്_ഫോർമാറ്റ്>	
സി.പി.എം.	കമ്മ്യൂണിസ്റ്റ് പാർട്ടി ഓഫ് ഇന്ത്യ (മാർക്സിസ്റ്റ്)	<http://ml.wikipedia.org/wiki/കമ്മ്യൂണിസ്റ്റ്_പാർട്ടി_ഓഫ്_ഇന്ത്യ_(മാർക്സിസ്റ്റ്)>	
ഐ.ടി.	വിവരസാങ്കേതികവിദ്യ	<http://ml.wikipedia.org/wiki/വിവരസാങ്കേതികവിദ്യ>	
ഐ.റ്റി.	വിവരസാങ്കേതികവിദ്യ	<http://ml.wikipedia.org/wiki/വിവരസാങ്കേതികവിദ്യ>	
ഐ.ഐ.ടി.	ഇന്ത്യൻ ഇൻസ്റ്റിറ്റ്യൂട്ട് ഓഫ് ടെക്നോളജി	<http://ml.wikipedia.org/wiki/ഇന്ത്യൻ_ഇൻസ്റ്റിറ്റ്യൂട്ട്_ഓഫ്_ടെക്നോളജി>	
യു.എ.ഇ.	ഐക്യ അറബ് എമിറേറ്റുകൾ	<http://ml.wikipedia.org/wiki/ഐക്യ_അറബ്_എമിറേറ്റുകൾ>	
എസ്‌.എഫ്‌.ഐ.	സ്റ്റുഡന്റ്സ് ഫെഡെറേഷൻ ഓഫ് ഇന്ത്യ	<http://ml.wikipedia.org/wiki/സ്റ്റുഡന്റ്സ്_ഫെഡെറേഷൻ_ഓഫ്_ഇന്ത്യ>	
പു.ക.സ.	പുരോഗമന കലാ സാഹിത്യ സംഘം	<http://ml.wikipedia.org/wiki/പുരോഗമന_കലാ_സാഹിത്യ_സംഘം>	
യു.എസ്.എസ്.ആർ.	സോവിയറ്റ് യൂണിയൻ	<http://ml.wikipedia.org/wiki/സോവിയറ്റ്_യൂണിയൻ>	
യു.കെ.	യുണൈറ്റഡ് കിങ്ഡം	<http://ml.wikipedia.org/wiki/യുണൈറ്റഡ്_കിങ്ഡം>	
ഡി.ആർ.സി.	ഡെമോക്രാറ്റിക് റിപബ്ലിക്ക് ഓഫ് കോംഗോ	<http://ml.wikipedia.org/wiki/ഡെമോക്രാറ്റിക്_റിപബ്ലിക്ക്_ഓഫ്_കോംഗോ>	
എസ്.ജി.എസ്.വൈ.	സ്വർണജയന്തി ഗ്രാം സ്വറോസ്ഗാർ യോജന	<http://ml.wikipedia.org/wiki/സ്വർണജയന്തി_ഗ്രാം_സ്വറോസ്ഗാർ_യോജന>	
യു.എസ്‌.ഏ.	അമേരിക്കൻ ഐക്യനാടുകൾ	<http://ml.wikipedia.org/wiki/അമേരിക്കൻ_ഐക്യനാടുകൾ>	
Yahoo!	യാഹൂ!	<http://ml.wikipedia.org/wiki/യാഹൂ!>	
എം.ജി.ആർ.	എം.ജി. രാമചന്ദ്രൻ	<http://ml.wikipedia.org/wiki/എം.ജി._രാമചന്ദ്രൻ>	
ഐ.സി.എം.പി.	ഇന്റർനെറ്റ് കണ്ട്രോൾ മെസേജ് പ്രോട്ടോക്കോൾ	<http://ml.wikipedia.org/wiki/ഇന്റർനെറ്റ്_കണ്ട്രോൾ_മെസേജ്_പ്രോട്ടോക്കോൾ>	
സി.പി.ഐ.എം.	കമ്മ്യൂണിസ്റ്റ് പാർട്ടി ഓഫ് ഇന്ത്യ (മാർക്സിസ്റ്റ്)	<http://ml.wikipedia.org/wiki/കമ്മ്യൂണിസ്റ്റ്_പാർട്ടി_ഓഫ്_ഇന്ത്യ_(മാർക്സിസ്റ്റ്)>	
എം.സി.ജി.പി.	മീഡിയ ഗേറ്റ്‌വേ കൺട്രോൾ പ്രോട്ടോക്കോൾ	<http://ml.wikipedia.org/wiki/മീഡിയ_ഗേറ്റ്‌വേ_കൺട്രോൾ_പ്രോട്ടോക്കോൾ>	
ഐ.എസ്.ഡി.എൻ.	ഇന്റ‌ഗ്രേറ്റഡ് സർവീസസ് ഡിജിറ്റൽ നെറ്റ്‌വർക്ക്	<http://ml.wikipedia.org/wiki/ഇന്റ‌ഗ്രേറ്റഡ്_സർവീസസ്_ഡിജിറ്റൽ_നെറ്റ്‌വർക്ക്>	
സി.ഡി.	സി.ഡി. (വിവക്ഷകൾ)	<http://ml.wikipedia.org/wiki/സി.ഡി._(വിവക്ഷകൾ)>	
ഡി.വൈ.എഫ്.ഐ.	ഡെമോക്രാറ്റിക് യൂത്ത് ഫെഡറേഷൻ ഓഫ് ഇന്ത്യ	<http://ml.wikipedia.org/wiki/ഡെമോക്രാറ്റിക്_യൂത്ത്_ഫെഡറേഷൻ_ഓഫ്_ഇന്ത്യ>	
എസ്.എഫ്.ഐ.	സ്റ്റുഡന്റ്സ് ഫെഡെറേഷൻ ഓഫ് ഇന്ത്യ	<http://ml.wikipedia.org/wiki/സ്റ്റുഡന്റ്സ്_ഫെഡെറേഷൻ_ഓഫ്_ഇന്ത്യ>	
എ.ബി.വി.പി.	അഖില ഭാരതീയ വിദ്യാർത്ഥി പരിഷത്ത്	<http://ml.wikipedia.org/wiki/അഖില_ഭാരതീയ_വിദ്യാർത്ഥി_പരിഷത്ത്>	
ഡി.എസ്.പി.	ഡിജിറ്റൽ സിഗ്നൽ പ്രൊസസ്സർ	<http://ml.wikipedia.org/wiki/ഡിജിറ്റൽ_സിഗ്നൽ_പ്രൊസസ്സർ>	
എ.ടി.എം.	ഓട്ടോമേറ്റഡ് ടെല്ലർ മെഷീൻ	<http://ml.wikipedia.org/wiki/ഓട്ടോമേറ്റഡ്_ടെല്ലർ_മെഷീൻ>	
ഐ.ഐ.എം.	ഇന്ത്യൻ ഇൻസ്റ്റിറ്റ്യൂട്ട്സ് ഓഫ് മാനേജ്‌മെന്റ്	<http://ml.wikipedia.org/wiki/ഇന്ത്യൻ_ഇൻസ്റ്റിറ്റ്യൂട്ട്സ്_ഓഫ്_മാനേജ്‌മെന്റ്>	
എച്ച്‌.ടി.എം.എൽ.	എച്.ടി.എം.എൽ.	<http://ml.wikipedia.org/wiki/എച്.ടി.എം.എൽ.>	
ആർ.എസ്സ്‌.എസ്സ്‌.	രാഷ്ട്രീയ സ്വയംസേവക സംഘം	<http://ml.wikipedia.org/wiki/രാഷ്ട്രീയ_സ്വയംസേവക_സംഘം>	
ഐ.എൻ.എ.	ഇന്ത്യൻ നാഷണൽ ആർമി	<http://ml.wikipedia.org/wiki/ഇന്ത്യൻ_നാഷണൽ_ആർമി>	
പി.ടി.സി.	പോസ്റ്റൽ ട്രെയ്നിങ് സെന്റർ (മൈസൂർ)	<http://ml.wikipedia.org/wiki/പോസ്റ്റൽ_ട്രെയ്നിങ്_സെന്റർ_(മൈസൂർ)>	
ഐ.പി.എൽ.	ഇന്ത്യൻ പ്രീമിയർ ലീഗ്	<http://ml.wikipedia.org/wiki/ഇന്ത്യൻ_പ്രീമിയർ_ലീഗ്>	
ബി.ജെ.പി.	ഭാരതീയ ജനതാ പാർട്ടി	<http://ml.wikipedia.org/wiki/ഭാരതീയ_ജനതാ_പാർട്ടി>	
യു.ഡി.എഫ്.	ഐക്യ ജനാധിപത്യ മുന്നണി	<http://ml.wikipedia.org/wiki/ഐക്യ_ജനാധിപത്യ_മുന്നണി>	
എൽ.ഡി.എഫ്.	ഇടതുപക്ഷ ജനാധിപത്യ മുന്നണി	<http://ml.wikipedia.org/wiki/ഇടതുപക്ഷ_ജനാധിപത്യ_മുന്നണി>	
ഐ.എം.എഫ്.	അന്താരാഷ്ട്ര നാണയനിധി	<http://ml.wikipedia.org/wiki/അന്താരാഷ്ട്ര_നാണയനിധി>	
കെ.എസ്.യു.	കേരള സ്റ്റുഡന്റ്സ് യൂണിയൻ	<http://ml.wikipedia.org/wiki/കേരള_സ്റ്റുഡന്റ്സ്_യൂണിയൻ>	
ഐ.എസ്.ആർ.ഓ.	ഇന്ത്യൻ സ്പേസ് റിസർച്ച് ഓർഗനൈസേഷൻ	<http://ml.wikipedia.org/wiki/ഇന്ത്യൻ_സ്പേസ്_റിസർച്ച്_ഓർഗനൈസേഷൻ>	
ഡി.എൻ.‌എ.	ഡി.എൻ.എ.	<http://ml.wikipedia.org/wiki/ഡി.എൻ.എ.>	
ഐ.ഐ.എസ്.ടി.	ഭാരതീയ ബഹിരാകാശ ശാസ്ത്ര സാങ്കേതിക വിദ്യാപീഠം	<http://ml.wikipedia.org/wiki/ഭാരതീയ_ബഹിരാകാശ_ശാസ്ത്ര_സാങ്കേതിക_വിദ്യാപീഠം>	
I.I.S.T.	ഭാരതീയ ബഹിരാകാശ ശാസ്ത്ര സാങ്കേതിക വിദ്യാപീഠം	<http://ml.wikipedia.org/wiki/ഭാരതീയ_ബഹിരാകാശ_ശാസ്ത്ര_സാങ്കേതിക_വിദ്യാപീഠം>	
ഐ.യു.പി.എ.സി.	ഇന്റർനാഷണൽ യൂണിയൻ ഓഫ് പ്യുർ ആന്റ് അപ്ലൈഡ് കെമിസ്ട്രി	<http://ml.wikipedia.org/wiki/ഇന്റർനാഷണൽ_യൂണിയൻ_ഓഫ്_പ്യുർ_ആന്റ്_അപ്ലൈഡ്_കെമിസ്ട്രി>	
എക്സ്എംഎൽ.	എക്സ്.എം.എൽ.	<http://ml.wikipedia.org/wiki/എക്സ്.എം.എൽ.>	
എൻ.എസ്.എസ്.	നായർ സർവീസ്‌ സൊസൈറ്റി	<http://ml.wikipedia.org/wiki/നായർ_സർവീസ്‌_സൊസൈറ്റി>	
ഐ.എ.ഇ.എ.	അന്താരാഷ്ട്ര ആണവോർജ്ജസമിതി	<http://ml.wikipedia.org/wiki/അന്താരാഷ്ട്ര_ആണവോർജ്ജസമിതി>	
എച്ച്‌.ടി.ടി.പി.	ഹൈപ്പർ ടെക്സ്റ്റ്‌ ട്രാൻസ്ഫർ പ്രോട്ടോകോൾ	<http://ml.wikipedia.org/wiki/ഹൈപ്പർ_ടെക്സ്റ്റ്‌_ട്രാൻസ്ഫർ_പ്രോട്ടോകോൾ>	
പി.ആർ.ഡി.എസ്.	പ്രത്യക്ഷ രക്ഷാ ദൈവസഭ	<http://ml.wikipedia.org/wiki/പ്രത്യക്ഷ_രക്ഷാ_ദൈവസഭ>	
കെ.എസ്.എഫ്.ഇ.	ദി കേരളാ സ്റ്റേറ്റ്‌ ഫിനാൻഷ്യൽ എന്റർപ്രൈസസ്‌ ലിമിറ്റഡ്‌	<http://ml.wikipedia.org/wiki/ദി_കേരളാ_സ്റ്റേറ്റ്‌_ഫിനാൻഷ്യൽ_എന്റർപ്രൈസസ്‌_ലിമിറ്റഡ്‌>	
എൻ.ഡി.എം.സി.	ന്യൂ ഡെൽഹി മുനിസിപ്പൽ കൗൺസിൽ	<http://ml.wikipedia.org/wiki/ന്യൂ_ഡെൽഹി_മുനിസിപ്പൽ_കൗൺസിൽ>	
പി.സി.ഓ.ഡി.	പോളി സിസ്റ്റിക്‌ ഓവറി ഡിസീസ്‌	<http://ml.wikipedia.org/wiki/പോളി_സിസ്റ്റിക്‌_ഓവറി_ഡിസീസ്‌>	
എസ്.ഐ.	അന്താരാഷ്ട്ര ഏകകവ്യവസ്ഥ	<http://ml.wikipedia.org/wiki/അന്താരാഷ്ട്ര_ഏകകവ്യവസ്ഥ>	
സി.ഐ.എ.	സെൻട്രൽ ഇന്റലിജൻസ് ഏജൻസി	<http://ml.wikipedia.org/wiki/സെൻട്രൽ_ഇന്റലിജൻസ്_ഏജൻസി>	
എൻ.എസ്.ജി.	ദേശീയ സുരക്ഷാസേന	<http://ml.wikipedia.org/wiki/ദേശീയ_സുരക്ഷാസേന>	
B.R.T.	അതിവേഗ ബസ് ഗതാഗതം	<http://ml.wikipedia.org/wiki/അതിവേഗ_ബസ്_ഗതാഗതം>	
എൽ.പി.ജി.	ദ്രവീകൃത പെട്രോളിയം വാതകം	<http://ml.wikipedia.org/wiki/ദ്രവീകൃത_പെട്രോളിയം_വാതകം>	
ഐ.സി.സി.	അന്താരാഷ്ട്ര ക്രിക്കറ്റ് സമിതി	<http://ml.wikipedia.org/wiki/അന്താരാഷ്ട്ര_ക്രിക്കറ്റ്_സമിതി>	
എച്ച്.പി.	ഹ്യൂലറ്റ് പക്കാർഡ്	<http://ml.wikipedia.org/wiki/ഹ്യൂലറ്റ്_പക്കാർഡ്>	
പി.ഡി.എഫ്.	പോർട്ടബിൾ ഡോക്യുമെന്റ് ഫോർമാറ്റ്	<http://ml.wikipedia.org/wiki/പോർട്ടബിൾ_ഡോക്യുമെന്റ്_ഫോർമാറ്റ്>	
സി.പി.ഐ.	കമ്മ്യൂണിസ്റ്റ് പാർട്ടി ഓഫ് ഇന്ത്യ	<http://ml.wikipedia.org/wiki/കമ്മ്യൂണിസ്റ്റ്_പാർട്ടി_ഓഫ്_ഇന്ത്യ>	
ഉ.സാ.ഘ.	ഉത്തമ സാധാരണ ഘടകം	<http://ml.wikipedia.org/wiki/ഉത്തമ_സാധാരണ_ഘടകം>	
ല.സാ.ഘു.	ലഘുതമ സാധാരണ ഗുണിതം	<http://ml.wikipedia.org/wiki/ലഘുതമ_സാധാരണ_ഗുണിതം>	
എൻ.ഡി.എ.	ദേശീയ ജനാധിപത്യ സഖ്യം	<http://ml.wikipedia.org/wiki/ദേശീയ_ജനാധിപത്യ_സഖ്യം>	
Nettipattom.	നെറ്റിപ്പട്ടം	<http://ml.wikipedia.org/wiki/നെറ്റിപ്പട്ടം>	
സി.ബി.ഐ.	സെൻട്രൽ ബ്യൂറോ ഓഫ് ഇൻവെസ്റ്റിഗേഷൻ	<http://ml.wikipedia.org/wiki/സെൻട്രൽ_ബ്യൂറോ_ഓഫ്_ഇൻവെസ്റ്റിഗേഷൻ>	
C.B.I.	സെൻട്രൽ ബ്യൂറോ ഓഫ് ഇൻവെസ്റ്റിഗേഷൻ	<http://ml.wikipedia.org/wiki/സെൻട്രൽ_ബ്യൂറോ_ഓഫ്_ഇൻവെസ്റ്റിഗേഷൻ>	
എ.എസ്.എഫ്.	അപ്പാച്ചെ സോഫ്റ്റ്‌വെയർ ഫൗണ്ടേഷൻ	<http://ml.wikipedia.org/wiki/അപ്പാച്ചെ_സോഫ്റ്റ്‌വെയർ_ഫൗണ്ടേഷൻ>	
എച്ച്.ടി.ടി.പി.	ഹൈപ്പർ ടെക്സ്റ്റ്‌ ട്രാൻസ്ഫർ പ്രോട്ടോകോൾ	<http://ml.wikipedia.org/wiki/ഹൈപ്പർ_ടെക്സ്റ്റ്‌_ട്രാൻസ്ഫർ_പ്രോട്ടോകോൾ>	
യു.ജി.സി.	യൂണിവേഴ്സിറ്റി ഗ്രാന്റ്സ് കമ്മീഷൻ	<http://ml.wikipedia.org/wiki/യൂണിവേഴ്സിറ്റി_ഗ്രാന്റ്സ്_കമ്മീഷൻ>	
U.G.C.	യൂണിവേഴ്സിറ്റി ഗ്രാന്റ്സ് കമ്മീഷൻ	<http://ml.wikipedia.org/wiki/യൂണിവേഴ്സിറ്റി_ഗ്രാന്റ്സ്_കമ്മീഷൻ>	
എൽ.ഇ.ഡി.	ലൈറ്റ് എമിറ്റിങ്ങ് ഡയോഡ്	<http://ml.wikipedia.org/wiki/ലൈറ്റ്_എമിറ്റിങ്ങ്_ഡയോഡ്>	
യു.പി.എ.	ഐക്യ പുരോഗമന സഖ്യം	<http://ml.wikipedia.org/wiki/ഐക്യ_പുരോഗമന_സഖ്യം>	
എൽ.ടി.ടി.ഇ.	തമിഴീഴ വിടുതലൈപ്പുലികൾ	<http://ml.wikipedia.org/wiki/തമിഴീഴ_വിടുതലൈപ്പുലികൾ>	
വി.എസ്.എൻ.എൽ.	ടാറ്റ കമ്മ്യൂണിക്കേഷൻസ്	<http://ml.wikipedia.org/wiki/ടാറ്റ_കമ്മ്യൂണിക്കേഷൻസ്>	
ഡി.എം.കെ.	ദ്രാവിഡ മുന്നേറ്റ കഴകം	<http://ml.wikipedia.org/wiki/ദ്രാവിഡ_മുന്നേറ്റ_കഴകം>	
എ.ഐ.എ.ഡി.എം.കെ.	ഓൾ ഇന്ത്യ അണ്ണാ ദ്രാവിഡ മുന്നേറ്റ കഴകം	<http://ml.wikipedia.org/wiki/ഓൾ_ഇന്ത്യ_അണ്ണാ_ദ്രാവിഡ_മുന്നേറ്റ_കഴകം>	
കെ.ടി.ഡി.സി.	കേരള ടൂറിസം ഡെവലപ്പ്മെന്റ് കോർപ്പറേഷൻ	<http://ml.wikipedia.org/wiki/കേരള_ടൂറിസം_ഡെവലപ്പ്മെന്റ്_കോർപ്പറേഷൻ>	
ഡി.എൽ.എൻ.എ.	ഡിജിറ്റൽ ലിവിങ്ങ് നെറ്റ്വർക്ക് അലയൻസ്	<http://ml.wikipedia.org/wiki/ഡിജിറ്റൽ_ലിവിങ്ങ്_നെറ്റ്വർക്ക്_അലയൻസ്>	
പി.എച്.പി.	പി.എച്ച്.പി.	<http://ml.wikipedia.org/wiki/പി.എച്ച്.പി.>	
സി.ഐ.ടി.യു.	സെന്റർ ഓഫ് ഇന്ത്യൻ ട്രേഡ് യൂണിയൻസ്	<http://ml.wikipedia.org/wiki/സെന്റർ_ഓഫ്_ഇന്ത്യൻ_ട്രേഡ്_യൂണിയൻസ്>	
എൻ.സി.പി.	നാഷണലിസ്റ്റ് കോൺഗ്രസ് പാർട്ടി	<http://ml.wikipedia.org/wiki/നാഷണലിസ്റ്റ്_കോൺഗ്രസ്_പാർട്ടി>	
ഇ.ആർ.പി.	എന്റർപ്രൈസ് റിസോഴ്സ് പ്ലാനിംഗ്	<http://ml.wikipedia.org/wiki/എന്റർപ്രൈസ്_റിസോഴ്സ്_പ്ലാനിംഗ്>	
എഫ്.ഡി.ആർ.	ഫ്ലൈറ്റ് ഡാറ്റാ റെക്കോർഡർ	<http://ml.wikipedia.org/wiki/ഫ്ലൈറ്റ്_ഡാറ്റാ_റെക്കോർഡർ>	
എ.ഐ.ഡി.ഡബ്ല്യു.എ.	അഖിലേന്ത്യ ജനാധിപത്യ മഹിള അസോസിയേഷൻ	<http://ml.wikipedia.org/wiki/അഖിലേന്ത്യ_ജനാധിപത്യ_മഹിള_അസോസിയേഷൻ>	
ബി.പി.എൽ.	ബ്രിട്ടീഷ് ഫിസിക്കൽ ലാബോറട്ടറീസ് ഗ്രൂപ്പ്	<http://ml.wikipedia.org/wiki/ബ്രിട്ടീഷ്_ഫിസിക്കൽ_ലാബോറട്ടറീസ്_ഗ്രൂപ്പ്>	
യു.എസ്.	അമേരിക്കൻ ഐക്യനാടുകൾ	<http://ml.wikipedia.org/wiki/അമേരിക്കൻ_ഐക്യനാടുകൾ>	
എക്സ്.യു.	എക്സ് യൂണിറ്റ്	<http://ml.wikipedia.org/wiki/എക്സ്_യൂണിറ്റ്>	
ഒ.എൻ.ജി.സി.	ഓയിൽ ആന്റ് നാച്ചുറൽ ഗാസ് കോർപ്പറേഷൻ	<http://ml.wikipedia.org/wiki/ഓയിൽ_ആന്റ്_നാച്ചുറൽ_ഗാസ്_കോർപ്പറേഷൻ>	
ഐ.എം.ഡി.ബി.	ഇന്റർനെറ്റ് മൂവി ഡാറ്റാബേസ്	<http://ml.wikipedia.org/wiki/ഇന്റർനെറ്റ്_മൂവി_ഡാറ്റാബേസ്>	
ജെ.വി.എം.	ജാവ വിർച്ച്വൽ മെഷീൻ	<http://ml.wikipedia.org/wiki/ജാവ_വിർച്ച്വൽ_മെഷീൻ>	
എച്ച്.ടി.ടി.പി.ഡി.	എച്ച്.ടി.ടി.പി.ഡി	<http://ml.wikipedia.org/wiki/എച്ച്.ടി.ടി.പി.ഡി>	
സി.പി.യു.	സെൻട്രൽ പ്രൊസസിങ് യൂണിറ്റ്	<http://ml.wikipedia.org/wiki/സെൻട്രൽ_പ്രൊസസിങ്_യൂണിറ്റ്>	
കെ.എസ്.ആർ.ടി.സി.	കെ.എസ്.ആർ.ടി.സി. (വിവക്ഷകൾ)	<http://ml.wikipedia.org/wiki/കെ.എസ്.ആർ.ടി.സി._(വിവക്ഷകൾ)>	
കെ.ഇ.എൻ.	കെ.ഇ.എൻ. കുഞ്ഞഹമ്മദ്	<http://ml.wikipedia.org/wiki/കെ.ഇ.എൻ._കുഞ്ഞഹമ്മദ്>	
സി.ആർ.സി.	സൈക്ലിക്ക് റിഡണ്ടൻസി ചെക്ക്	<http://ml.wikipedia.org/wiki/സൈക്ലിക്ക്_റിഡണ്ടൻസി_ചെക്ക്>	
യു.എസ്.ബി.	യൂണിവേഴ്സൽ സീരിയൽ ബസ്സ്	<http://ml.wikipedia.org/wiki/യൂണിവേഴ്സൽ_സീരിയൽ_ബസ്സ്>	
ഐ.സി.	ഇൻറഗ്രേറ്റഡ് സർക്യൂട്ട്	<http://ml.wikipedia.org/wiki/ഇൻറഗ്രേറ്റഡ്_സർക്യൂട്ട്>	
ബി.എസ്.എൻ.എൽ.	ഭാരത് സഞ്ചാർ നിഗം ലിമിറ്റഡ്	<http://ml.wikipedia.org/wiki/ഭാരത്_സഞ്ചാർ_നിഗം_ലിമിറ്റഡ്>	
പി.എസ്.എൽ.വി.	പോളാർ സാറ്റലൈറ്റ് ലോഞ്ച് വെഹിക്കിൾ	<http://ml.wikipedia.org/wiki/പോളാർ_സാറ്റലൈറ്റ്_ലോഞ്ച്_വെഹിക്കിൾ>	
ഐ.എസ്.ആർ.ഒ.	ഇന്ത്യൻ സ്പേസ് റിസർച്ച് ഓർഗനൈസേഷൻ	<http://ml.wikipedia.org/wiki/ഇന്ത്യൻ_സ്പേസ്_റിസർച്ച്_ഓർഗനൈസേഷൻ>	
എച്ച്.റ്റി.എം.എൽ.	എച്.ടി.എം.എൽ.	<http://ml.wikipedia.org/wiki/എച്.ടി.എം.എൽ.>	
ഡി.എച്ച്.ആർ.എം.	ദളിത് ഹ്യൂമൻ റൈറ്റ്സ് മൂവ്മെന്റ്	<http://ml.wikipedia.org/wiki/ദളിത്_ഹ്യൂമൻ_റൈറ്റ്സ്_മൂവ്മെന്റ്>	
ഡബ്ല്യു.ഡബ്ല്യു.എഫ്.	വേൾഡ് വൈഡ് ഫണ്ട് ഫോർ നേച്ചർ	<http://ml.wikipedia.org/wiki/വേൾഡ്_വൈഡ്_ഫണ്ട്_ഫോർ_നേച്ചർ>	
എൽ.സി.ഡി.	ലിക്വിഡ് ക്രിസ്റ്റൽ ഡിസ്പ്ലേ	<http://ml.wikipedia.org/wiki/ലിക്വിഡ്_ക്രിസ്റ്റൽ_ഡിസ്പ്ലേ>	
ആർ.എസ്.എസ്.	ആർ.എസ്സ്.എസ്സ്. (വിവക്ഷകൾ)	<http://ml.wikipedia.org/wiki/ആർ.എസ്സ്.എസ്സ്._(വിവക്ഷകൾ)>	
എച്ച്.ഡി.എം.ഐ.	എച്.ഡി.എം.ഐ.	<http://ml.wikipedia.org/wiki/എച്.ഡി.എം.ഐ.>	
എഫ്.ടി.പി.	ഫയൽ ട്രാൻസ്‌ഫർ പ്രോട്ടോകോൾ	<http://ml.wikipedia.org/wiki/ഫയൽ_ട്രാൻസ്‌ഫർ_പ്രോട്ടോകോൾ>	
സി.എസ്.എസ്.	കാസ്‌കേഡിങ്ങ് സ്റ്റൈൽ ഷീറ്റ്‌സ്	<http://ml.wikipedia.org/wiki/കാസ്‌കേഡിങ്ങ്_സ്റ്റൈൽ_ഷീറ്റ്‌സ്>	
ജെ.എൻ.യു.	ജവഹർലാൽ നെഹ്രു സർവകലാശാല	<http://ml.wikipedia.org/wiki/ജവഹർലാൽ_നെഹ്രു_സർവകലാശാല>	
ഡി.എച്.സി.പി.	ഡൈനാമിക് ഹോസ്റ്റ് കോൺഫിഗറേഷൻ പ്രോട്ടോകോൾ	<http://ml.wikipedia.org/wiki/ഡൈനാമിക്_ഹോസ്റ്റ്_കോൺഫിഗറേഷൻ_പ്രോട്ടോകോൾ>	
വി.ഐ.	വി.ഐ. എഡിറ്റർ	<http://ml.wikipedia.org/wiki/വി.ഐ._എഡിറ്റർ>	
എസ്‌.ഐ.ഒ.	എസ്.ഐ.ഒ.	<http://ml.wikipedia.org/wiki/എസ്.ഐ.ഒ.>	
എൻ.ഐ.എ.	നാഷണൽ ഇൻവെസ്റ്റിഗേഷൻ ഏജൻസി	<http://ml.wikipedia.org/wiki/നാഷണൽ_ഇൻവെസ്റ്റിഗേഷൻ_ഏജൻസി>	
ബി.എം.എസ്.	ഭാരതീയ മസ്ദൂർ സംഘം	<http://ml.wikipedia.org/wiki/ഭാരതീയ_മസ്ദൂർ_സംഘം>	
പി.ഡി.പി.	പീപ്പിൾസ് ഡെമോക്രാറ്റിക് പാർട്ടി (കേരളം)	<http://ml.wikipedia.org/wiki/പീപ്പിൾസ്_ഡെമോക്രാറ്റിക്_പാർട്ടി_(കേരളം)>	
ജി.പി.എസ്.	ഗ്ലോബൽ പൊസിഷനിങ് സിസ്റ്റം	<http://ml.wikipedia.org/wiki/ഗ്ലോബൽ_പൊസിഷനിങ്_സിസ്റ്റം>	
ഐ.പി.	ഇന്റർനെറ്റ് പ്രോട്ടോക്കോൾ	<http://ml.wikipedia.org/wiki/ഇന്റർനെറ്റ്_പ്രോട്ടോക്കോൾ>	
ഐ.പി.ടി.വി.	ഐ.പി. ടി.വി.	<http://ml.wikipedia.org/wiki/ഐ.പി._ടി.വി.>	
ജി.ബി.	ഗിഗാബൈറ്റ്	<http://ml.wikipedia.org/wiki/ഗിഗാബൈറ്റ്>	
ഡി.പി.ഇ.പി.	ജില്ലാ പ്രാഥമിക വിദ്യാഭ്യാസ പരിപാടി	<http://ml.wikipedia.org/wiki/ജില്ലാ_പ്രാഥമിക_വിദ്യാഭ്യാസ_പരിപാടി>	
ബി.എം.ടി.സി.	ബാംഗ്ലൂർ മെട്രോപൊളിറ്റൻ ട്രാൻസ്പോർട്ട് കോർപ്പറേഷൻ	<http://ml.wikipedia.org/wiki/ബാംഗ്ലൂർ_മെട്രോപൊളിറ്റൻ_ട്രാൻസ്പോർട്ട്_കോർപ്പറേഷൻ>	
കെ.എസ്.ടി.എ.	കേരള സ്കൂൾ ടീച്ചേഴ്സ് അസോസിയേഷൻ	<http://ml.wikipedia.org/wiki/കേരള_സ്കൂൾ_ടീച്ചേഴ്സ്_അസോസിയേഷൻ>	
വൈ.എ.ആർ.വി.	യാർ‌വ്	<http://ml.wikipedia.org/wiki/യാർ‌വ്>	
പി.ഡി.പി.എ.	പീപ്പിൾസ് ഡെമോക്രാറ്റിക് പാർട്ടി ഓഫ് അഫ്ഗാനിസ്താൻ	<http://ml.wikipedia.org/wiki/പീപ്പിൾസ്_ഡെമോക്രാറ്റിക്_പാർട്ടി_ഓഫ്_അഫ്ഗാനിസ്താൻ>	
വി.വി.	വരവരറാവു	<http://ml.wikipedia.org/wiki/വരവരറാവു>	
കെ.പി.സി.സി.	കേരള പ്രദേശ് കോൺഗ്രസ് കമ്മിറ്റി	<http://ml.wikipedia.org/wiki/കേരള_പ്രദേശ്_കോൺഗ്രസ്_കമ്മിറ്റി>	
എസ്.എൻ.ഡി.പി.	എസ്.എൻ.ഡി.പി. യോഗം	<http://ml.wikipedia.org/wiki/എസ്.എൻ.ഡി.പി._യോഗം>	
ല.സാ.ഗു.	ലഘുതമ സാധാരണ ഗുണിതം	<http://ml.wikipedia.org/wiki/ലഘുതമ_സാധാരണ_ഗുണിതം>	
എൽ.ഐ.സി.	ലൈഫ് ഇൻഷുറൻസ് കോർപ്പറേഷൻ ഓഫ് ഇന്ത്യ	<http://ml.wikipedia.org/wiki/ലൈഫ്_ഇൻഷുറൻസ്_കോർപ്പറേഷൻ_ഓഫ്_ഇന്ത്യ>	
സി.എസ്.ടി.	ഛത്രപതി ശിവജി ടെർമിനസ്	<http://ml.wikipedia.org/wiki/ഛത്രപതി_ശിവജി_ടെർമിനസ്>	
ഡി.എൻ.എസ്.	ഡൊമെയിൻ നെയിം സിസ്റ്റം	<http://ml.wikipedia.org/wiki/ഡൊമെയിൻ_നെയിം_സിസ്റ്റം>	
സി.ജെ.	സി.ജെ. തോമസ്	<http://ml.wikipedia.org/wiki/സി.ജെ._തോമസ്>	
എ.ടി.ഐ.	എ.ടി.ഐ. ടെക്നോളജീസ്	<http://ml.wikipedia.org/wiki/എ.ടി.ഐ._ടെക്നോളജീസ്>	
ഐ.എൻ.എസ്.	ഇന്ത്യൻ ന്യൂസ് പേപ്പർ സൊസൈറ്റി	<http://ml.wikipedia.org/wiki/ഇന്ത്യൻ_ന്യൂസ്_പേപ്പർ_സൊസൈറ്റി>	
എ.എഫ്.പി.	ഏജൻസി ഫ്രാൻസ് പ്രസ്സ്	<http://ml.wikipedia.org/wiki/ഏജൻസി_ഫ്രാൻസ്_പ്രസ്സ്>	
ജെ.എസ്.പി.	ജാവസെർ‌വർ പെയ്ജസ്	<http://ml.wikipedia.org/wiki/ജാവസെർ‌വർ_പെയ്ജസ്>	
I.T.	വിവരസാങ്കേതികവിദ്യ	<http://ml.wikipedia.org/wiki/വിവരസാങ്കേതികവിദ്യ>	
ഐ.എസ്.ബി.എൻ.	ഇന്റർനാഷണൽ സ്റ്റാൻഡേർഡ് ബുക്ക് നമ്പർ	<http://ml.wikipedia.org/wiki/ഇന്റർനാഷണൽ_സ്റ്റാൻഡേർഡ്_ബുക്ക്_നമ്പർ>	
എ.ഐ.ടി.യു.സി.	അഖിലേന്ത്യാ ട്രേഡ് യൂണിയൻ കോൺഗ്രസ്	<http://ml.wikipedia.org/wiki/അഖിലേന്ത്യാ_ട്രേഡ്_യൂണിയൻ_കോൺഗ്രസ്>	
എച്ച്.പി.വി.	ഹ്യൂമൻ പാപ്പിലോമ വൈറസ്	<http://ml.wikipedia.org/wiki/ഹ്യൂമൻ_പാപ്പിലോമ_വൈറസ്>	
ബി.സി.സി.ഐ.	ബോർഡ് ഓഫ് കണ്ട്രോൾ ഫോർ ക്രിക്കറ്റ് ഇൻ ഇന്ത്യ	<http://ml.wikipedia.org/wiki/ബോർഡ്_ഓഫ്_കണ്ട്രോൾ_ഫോർ_ക്രിക്കറ്റ്_ഇൻ_ഇന്ത്യ>	
എം.ടി.	എം.ടി. വാസുദേവൻ നായർ	<http://ml.wikipedia.org/wiki/എം.ടി._വാസുദേവൻ_നായർ>	
എം.ഇ.എസ്.	മുസ്ലിം എജുക്കേഷനൽ സൊസൈറ്റി	<http://ml.wikipedia.org/wiki/മുസ്ലിം_എജുക്കേഷനൽ_സൊസൈറ്റി>	
ടി.എം.	ടി. മുഹമ്മദ്	<http://ml.wikipedia.org/wiki/ടി._മുഹമ്മദ്>	
എസ്.ബി.ടി.	സ്റ്റേറ്റ് ബാങ്ക് ഓഫ് ട്രാവൻകൂർ	<http://ml.wikipedia.org/wiki/സ്റ്റേറ്റ്_ബാങ്ക്_ഓഫ്_ട്രാവൻകൂർ>	
ഐ.ടി.ബി.പി.	ഇന്തോ ടിബറ്റൻ അതിർത്തി പോലീസ്	<http://ml.wikipedia.org/wiki/ഇന്തോ_ടിബറ്റൻ_അതിർത്തി_പോലീസ്>	
K.P.A.C.	കെ.പി.എ.സി.	<http://ml.wikipedia.org/wiki/കെ.പി.എ.സി.>	
ഇ.ബി.എം.	എസ്പ്രസ്സോ ബുക്ക് മെഷീൻ	<http://ml.wikipedia.org/wiki/എസ്പ്രസ്സോ_ബുക്ക്_മെഷീൻ>	
എൻ.എസ്.ഇ.	നാഷണൽ സ്റ്റോക്ക്‌ എക്സ്ചേഞ്ച്‌	<http://ml.wikipedia.org/wiki/നാഷണൽ_സ്റ്റോക്ക്‌_എക്സ്ചേഞ്ച്‌>	
ജി.എൻ.എ.	ഗ്രാൻഡ് നാഷണൽ അസംബ്ലി	<http://ml.wikipedia.org/wiki/ഗ്രാൻഡ്_നാഷണൽ_അസംബ്ലി>	
എം.ഐ.ടി.	മസ്സാചുസെറ്റ്സ് ഇൻസ്റ്റിറ്റ്യൂട്ട് ഓഫ് ടെക്നോളജി	<http://ml.wikipedia.org/wiki/മസ്സാചുസെറ്റ്സ്_ഇൻസ്റ്റിറ്റ്യൂട്ട്_ഓഫ്_ടെക്നോളജി>	
Awake!	ഉണരുക!	<http://ml.wikipedia.org/wiki/ഉണരുക!>	
കെ.എസ്.ഇ.ബി.	കേരളാ സ്റ്റേറ്റ് ഇലക്ട്രിസിറ്റി ബോർഡ്	<http://ml.wikipedia.org/wiki/കേരളാ_സ്റ്റേറ്റ്_ഇലക്ട്രിസിറ്റി_ബോർഡ്>	
A.K.P.A.	എ.കെ.പി.എ.	<http://ml.wikipedia.org/wiki/എ.കെ.പി.എ.>	
ഐ.യു.സി.എൻ.	ഇന്റർനാഷണൽ യൂണിയൻ ഫോർ ദ കൺസർവേഷൻ ഓഫ് നേച്ചർ ആൻഡ് നാച്ചുറൽ റിസോഴ്‌സ്	<http://ml.wikipedia.org/wiki/ഇന്റർനാഷണൽ_യൂണിയൻ_ഫോർ_ദ_കൺസർവേഷൻ_ഓഫ്_നേച്ചർ_ആൻഡ്_നാച്ചുറൽ_റിസോഴ്‌സ്>	
എസ്.ബി.ഐ.	ഭാരതീയ സ്റ്റേറ്റ് ബാങ്ക്	<http://ml.wikipedia.org/wiki/ഭാരതീയ_സ്റ്റേറ്റ്_ബാങ്ക്>	
ഇ.വി.എം.	വോട്ടിംഗ് യന്ത്രം	<http://ml.wikipedia.org/wiki/വോട്ടിംഗ്_യന്ത്രം>	
H.I.L.	ഹിന്ദുസ്ഥാൻ ഇൻസെക്ടിസൈട്സ് ലിമിറ്റഡ്	<http://ml.wikipedia.org/wiki/ഹിന്ദുസ്ഥാൻ_ഇൻസെക്ടിസൈട്സ്_ലിമിറ്റഡ്>	
D.D.T.	ഡി.ഡി.റ്റി.	<http://ml.wikipedia.org/wiki/ഡി.ഡി.റ്റി.>	
എസ്.ഡി.പി.ഐ.	സോഷ്യൽ ഡമോക്രാറ്റിക് പാർട്ടി ഓഫ് ഇന്ത്യ	<http://ml.wikipedia.org/wiki/സോഷ്യൽ_ഡമോക്രാറ്റിക്_പാർട്ടി_ഓഫ്_ഇന്ത്യ>	
എച്ച്.ഐ.എൽ.	ഹിന്ദുസ്ഥാൻ ഇൻസെക്ടിസൈട്സ് ലിമിറ്റഡ്	<http://ml.wikipedia.org/wiki/ഹിന്ദുസ്ഥാൻ_ഇൻസെക്ടിസൈട്സ്_ലിമിറ്റഡ്>	
യു.ഐ.ഡി.	ആധാർ	<http://ml.wikipedia.org/wiki/ആധാർ>	
ജി.എം.ആർ.ടി.	ജയിന്റ് മീറ്റർവേവ് റേഡിയോ ടെലിസ്കോപ്പ്	<http://ml.wikipedia.org/wiki/ജയിന്റ്_മീറ്റർവേവ്_റേഡിയോ_ടെലിസ്കോപ്പ്>	
ക്രി.വ.	ക്രിസ്ത്വബ്ദം	<http://ml.wikipedia.org/wiki/ക്രിസ്ത്വബ്ദം>	
ഐ.സി.എം.ആർ.	ഇന്ത്യൻ കൗൺസിൽ ഓഫ് മെഡിക്കൽ റിസർച്ച്	<http://ml.wikipedia.org/wiki/ഇന്ത്യൻ_കൗൺസിൽ_ഓഫ്_മെഡിക്കൽ_റിസർച്ച്>	
എം.ആർ.ബി.	എം.ആർ. ഭട്ടതിരിപ്പാട്	<http://ml.wikipedia.org/wiki/എം.ആർ._ഭട്ടതിരിപ്പാട്>	
എ.പി.ഐ.	ആപ്ലിക്കേഷൻ പ്രോഗ്രാമിങ് ഇന്റർഫേസ്	<http://ml.wikipedia.org/wiki/ആപ്ലിക്കേഷൻ_പ്രോഗ്രാമിങ്_ഇന്റർഫേസ്>	
ജി.പി.എൽ.	ഗ്നൂ സാർവ്വജനിക അനുവാദപത്രം	<http://ml.wikipedia.org/wiki/ഗ്നൂ_സാർവ്വജനിക_അനുവാദപത്രം>	
എച്ച്‌.പി.	ഹ്യൂലറ്റ് പക്കാർഡ്	<http://ml.wikipedia.org/wiki/ഹ്യൂലറ്റ്_പക്കാർഡ്>	
എം.എൽ.എ.	നിയമസഭാംഗം	<http://ml.wikipedia.org/wiki/നിയമസഭാംഗം>	
M.L.A.	നിയമസഭാംഗം	<http://ml.wikipedia.org/wiki/നിയമസഭാംഗം>	
സി.എ.ജി.	കംട്രോളർ ആന്റ് ഓഡിറ്റർ ജനറൽ ഓഫ് ഇന്ത്യ	<http://ml.wikipedia.org/wiki/കംട്രോളർ_ആന്റ്_ഓഡിറ്റർ_ജനറൽ_ഓഫ്_ഇന്ത്യ>	
സി.ആർ.പി.എഫ്.	കേന്ദ്ര റിസർവ്വ് പോലീസ്	<http://ml.wikipedia.org/wiki/കേന്ദ്ര_റിസർവ്വ്_പോലീസ്>	
ബി.എസ്.എഫ്.	അതിർത്തിരക്ഷാസേന	<http://ml.wikipedia.org/wiki/അതിർത്തിരക്ഷാസേന>	
ഐ.ബി.	ഇന്റലിജൻസ് ബ്യൂറോ	<http://ml.wikipedia.org/wiki/ഇന്റലിജൻസ്_ബ്യൂറോ>	
ഐ.പി.എസ്.	ഇന്ത്യൻ പോലീസ് സർവീസ്	<http://ml.wikipedia.org/wiki/ഇന്ത്യൻ_പോലീസ്_സർവീസ്>	
എഫ്.എം.	ഫ്രീക്വൻസി മോഡുലേഷൻ	<http://ml.wikipedia.org/wiki/ഫ്രീക്വൻസി_മോഡുലേഷൻ>	
ജി.സി.സി.	ഗൾഫ് സഹകരണ കൗൺസിൽ	<http://ml.wikipedia.org/wiki/ഗൾഫ്_സഹകരണ_കൗൺസിൽ>	
എഫ്.ബി.ഐ.	ഫെഡറൽ ബ്യൂറോ ഓഫ് ഇൻവെസ്റ്റിഗേഷൻ	<http://ml.wikipedia.org/wiki/ഫെഡറൽ_ബ്യൂറോ_ഓഫ്_ഇൻവെസ്റ്റിഗേഷൻ>	
ഐ.പി.എച്ച്.	ഇസ്‌ലാമിക് പബ്ലിഷിംഗ് ഹൗസ്	<http://ml.wikipedia.org/wiki/ഇസ്‌ലാമിക്_പബ്ലിഷിംഗ്_ഹൗസ്>	
സി.എസ്.ഐ.	ചർച്ച് ഓഫ് സൗത്ത് ഇന്ത്യ	<http://ml.wikipedia.org/wiki/ചർച്ച്_ഓഫ്_സൗത്ത്_ഇന്ത്യ>	
എൻ.ബി.എ.	നാഷണൽ ബാസ്ക്കറ്റ്ബോൾ അസോസിയേഷൻ	<http://ml.wikipedia.org/wiki/നാഷണൽ_ബാസ്ക്കറ്റ്ബോൾ_അസോസിയേഷൻ>	
ഒ.ഐ.സി.	ഓർഗനൈസേഷൻ ഓഫ് ഇസ്ലാമിക് കോ ഓപറേഷൻ	<http://ml.wikipedia.org/wiki/ഓർഗനൈസേഷൻ_ഓഫ്_ഇസ്ലാമിക്_കോ_ഓപറേഷൻ>	
ഒ.എൻ.വി.	ഒ.എൻ.വി. കുറുപ്പ്	<http://ml.wikipedia.org/wiki/ഒ.എൻ.വി._കുറുപ്പ്>	
ബി.എസ്.ഡി.	ബെർക്കീലി സോഫ്‌റ്റ്‌വെയർ വിതരണം	<http://ml.wikipedia.org/wiki/ബെർക്കീലി_സോഫ്‌റ്റ്‌വെയർ_വിതരണം>	
G.C.D.A.	ഗ്രേറ്റർ കൊച്ചിൻ ഡെവെലപ്‌മെന്റ് അതോറിറ്റി	<http://ml.wikipedia.org/wiki/ഗ്രേറ്റർ_കൊച്ചിൻ_ഡെവെലപ്‌മെന്റ്_അതോറിറ്റി>	
ജി.സി.ഡി.എ.	ഗ്രേറ്റർ കൊച്ചിൻ ഡെവെലപ്‌മെന്റ് അതോറിറ്റി	<http://ml.wikipedia.org/wiki/ഗ്രേറ്റർ_കൊച്ചിൻ_ഡെവെലപ്‌മെന്റ്_അതോറിറ്റി>	
ഉരുക്കുവെളിച്ചെണ്ണ.	വെന്തവെളിച്ചെണ്ണ	<http://ml.wikipedia.org/wiki/വെന്തവെളിച്ചെണ്ണ>	
ടി.ഇ.ടി.	ടീച്ചേഴ്സ് എലിജിബിലിറ്റി ടെസ്റ്റ്	<http://ml.wikipedia.org/wiki/ടീച്ചേഴ്സ്_എലിജിബിലിറ്റി_ടെസ്റ്റ്>	
പി.കെ.വി.	പി.കെ. വാസുദേവൻ‌ നായർ	<http://ml.wikipedia.org/wiki/പി.കെ._വാസുദേവൻ‌_നായർ>	
U.K.	യുണൈറ്റഡ് കിങ്ഡം	<http://ml.wikipedia.org/wiki/യുണൈറ്റഡ്_കിങ്ഡം>	
പി.എഫ്.	ഇ.പി.എഫ്.ഒ.	<http://ml.wikipedia.org/wiki/ഇ.പി.എഫ്.ഒ.>	
എ.ഐ.എസ്.എഫ്.	ഓൾ ഇന്ത്യാ സ്റ്റുഡൻറ്സ് ഫെഡറേഷൻ	<http://ml.wikipedia.org/wiki/ഓൾ_ഇന്ത്യാ_സ്റ്റുഡൻറ്സ്_ഫെഡറേഷൻ>	
എ.ഐ.വൈ.എഫ്.	ആൾ ഇന്ത്യാ യൂത്ത് ഫെഡറേഷൻ	<http://ml.wikipedia.org/wiki/ആൾ_ഇന്ത്യാ_യൂത്ത്_ഫെഡറേഷൻ>	
വി.ജി.എ.	വീഡിയോ ഗ്രാഫിക്സ് അറേ	<http://ml.wikipedia.org/wiki/വീഡിയോ_ഗ്രാഫിക്സ്_അറേ>	
എക്സ്.എഫ്.സി.ഈ.	എക്സ്എഫ്‌സിഇ	<http://ml.wikipedia.org/wiki/എക്സ്എഫ്‌സിഇ>	
ജി.എഫ്.ഡി.എൽ.	ഗ്നൂ സ്വതന്ത്ര പ്രസിദ്ധീകരണാനുമതി	<http://ml.wikipedia.org/wiki/ഗ്നൂ_സ്വതന്ത്ര_പ്രസിദ്ധീകരണാനുമതി>	
എ.ഡി.ബി.	ഏഷ്യൻ ഡെവലപ്മെന്റ് ബാങ്ക്	<http://ml.wikipedia.org/wiki/ഏഷ്യൻ_ഡെവലപ്മെന്റ്_ബാങ്ക്>	
ടി.സി.പി./ഐ.പി.	ടി.സി.പി./ഐ.പി. മാതൃക	<http://ml.wikipedia.org/wiki/ടി.സി.പി./ഐ.പി._മാതൃക>	
ആർ.എം.പി.	റെവലൂഷ്യണറി മാർക്സിസ്റ്റ്‌ പാർട്ടി	<http://ml.wikipedia.org/wiki/റെവലൂഷ്യണറി_മാർക്സിസ്റ്റ്‌_പാർട്ടി>	
K.S.I.D.C.	കേരള സംസ്ഥാന വ്യവസായ വികസന കോർപ്പറേഷൻ ലിമിറ്റഡ്‌	<http://ml.wikipedia.org/wiki/കേരള_സംസ്ഥാന_വ്യവസായ_വികസന_കോർപ്പറേഷൻ_ലിമിറ്റഡ്‌>	
എൽ.എം.ജി.	ലൈറ്റ് മെഷീൻ ഗൺ	<http://ml.wikipedia.org/wiki/ലൈറ്റ്_മെഷീൻ_ഗൺ>	
Barfi!	ബർഫി!	<http://ml.wikipedia.org/wiki/ബർഫി!>	
എച്ച്.ഡി.എഫ്.സി.	ഹൗസിങ്ങ് ഡെവലപ്മെന്റ് ഫിനാൻസ് കോർപ്പറേഷൻ	<http://ml.wikipedia.org/wiki/ഹൗസിങ്ങ്_ഡെവലപ്മെന്റ്_ഫിനാൻസ്_കോർപ്പറേഷൻ>	
ജി.ഡി.പി.	മൊത്ത ആഭ്യന്തര ഉത്പാദനം	<http://ml.wikipedia.org/wiki/മൊത്ത_ആഭ്യന്തര_ഉത്പാദനം>	
ജി.ഐ.എസ്.	ഭൂവിവരവ്യവസ്ഥ	<http://ml.wikipedia.org/wiki/ഭൂവിവരവ്യവസ്ഥ>	
എൻ.എ.എ.സി.	നാഷണൽ അസ്സസ്‌മെന്റ് ആന്റ് അക്രെഡിറ്റേഷൻ കൗൺസിൽ	<http://ml.wikipedia.org/wiki/നാഷണൽ_അസ്സസ്‌മെന്റ്_ആന്റ്_അക്രെഡിറ്റേഷൻ_കൗൺസിൽ>	
എൻ.എഫ്.ഡി.സി.	നാഷണൽ ഫിലിം ഡെവലപ്മെന്റ് കോർപ്പറേഷൻ	<http://ml.wikipedia.org/wiki/നാഷണൽ_ഫിലിം_ഡെവലപ്മെന്റ്_കോർപ്പറേഷൻ>	
എസ്.എസ്.എഫ്.	സുന്നി സ്റ്റുഡന്റ്സ് ഫെഡറേഷൻ	<http://ml.wikipedia.org/wiki/സുന്നി_സ്റ്റുഡന്റ്സ്_ഫെഡറേഷൻ>	
ടി.സി.എസ്.	ടാറ്റാ കൺസൾട്ടൻസി സർവീസസ്‌	<http://ml.wikipedia.org/wiki/ടാറ്റാ_കൺസൾട്ടൻസി_സർവീസസ്‌>	
യു.ആർ.എൽ.	യൂനിഫോം റിസോഴ്സ് ലൊക്കേറ്റർ	<http://ml.wikipedia.org/wiki/യൂനിഫോം_റിസോഴ്സ്_ലൊക്കേറ്റർ>	
ഡി.ഡി.സി.	ഡ്യൂയി ഡെസിമൽ വർഗ്ഗീകരണം	<http://ml.wikipedia.org/wiki/ഡ്യൂയി_ഡെസിമൽ_വർഗ്ഗീകരണം>	
S.S.L.	എസ്.എസ്.എൽ.	<http://ml.wikipedia.org/wiki/എസ്.എസ്.എൽ.>	
ഐ.എസ്.ഒ.	ഇന്റർനാഷണൽ ഓർഗനൈസേഷൻ ഫോർ സ്റ്റാൻഡേർഡൈസേഷൻ	<http://ml.wikipedia.org/wiki/ഇന്റർനാഷണൽ_ഓർഗനൈസേഷൻ_ഫോർ_സ്റ്റാൻഡേർഡൈസേഷൻ>	
എൽ.എസ്.ഡി.	ലൈസർജിക് ആസിഡ് ഡൈഈതൈലമൈഡ്	<http://ml.wikipedia.org/wiki/ലൈസർജിക്_ആസിഡ്_ഡൈഈതൈലമൈഡ്>	
ഐ.ക്യു.	ബുദ്ധിലബ്ധി	<http://ml.wikipedia.org/wiki/ബുദ്ധിലബ്ധി>	
എം.എം.എസ്.	മൾട്ടിമീഡിയ മെസേജിങ് സർവീസ്	<http://ml.wikipedia.org/wiki/മൾട്ടിമീഡിയ_മെസേജിങ്_സർവീസ്>	
എസ്.എം.എസ്.	ഷോർട്ട് മെസ്സേജ് സർ‌വീസ്	<http://ml.wikipedia.org/wiki/ഷോർട്ട്_മെസ്സേജ്_സർ‌വീസ്>	
ജെ.എസ്.എസ്.	ജനാധിപത്യ സംരക്ഷണസമിതി	<http://ml.wikipedia.org/wiki/ജനാധിപത്യ_സംരക്ഷണസമിതി>	
ജെ.എസ്സ്.എസ്സ്.	ജനാധിപത്യ സംരക്ഷണസമിതി	<http://ml.wikipedia.org/wiki/ജനാധിപത്യ_സംരക്ഷണസമിതി>	
സി.എം.പി.	കമ്മ്യൂണിസ്റ്റ് മാർക്സിസ്റ്റ് പാർട്ടി	<http://ml.wikipedia.org/wiki/കമ്മ്യൂണിസ്റ്റ്_മാർക്സിസ്റ്റ്_പാർട്ടി>	
ആർ.എസ്.പി.	റെവല്യൂഷനറി സോഷ്യലിസ്റ്റ് പാർട്ടി	<http://ml.wikipedia.org/wiki/റെവല്യൂഷനറി_സോഷ്യലിസ്റ്റ്_പാർട്ടി>	
ജി.പി.യു.	ഗ്രാഫിക്സ് പ്രോസ്സസിംഗ് യൂണിറ്റ്	<http://ml.wikipedia.org/wiki/ഗ്രാഫിക്സ്_പ്രോസ്സസിംഗ്_യൂണിറ്റ്>	
