A.F.Th.	A.F.Th. van der Heijden	<http://nl.wikipedia.org/wiki/A.F.Th._van_der_Heijden>	
Z.L.S.M.	Zuid-Limburgse Stoomtrein Maatschappij	<http://nl.wikipedia.org/wiki/Zuid-Limburgse_Stoomtrein_Maatschappij>	
V.O.C.	Vereenigde Oostindische Compagnie	<http://nl.wikipedia.org/wiki/Vereenigde_Oostindische_Compagnie>	
V.o.f.	Vennootschap onder firma	<http://nl.wikipedia.org/wiki/Vennootschap_onder_firma>	
V.N.	Verenigde Naties	<http://nl.wikipedia.org/wiki/Verenigde_Naties>	
N.A.P.	Normaal Amsterdams Peil	<http://nl.wikipedia.org/wiki/Normaal_Amsterdams_Peil>	
D.I.Y.	Do-It-Yourself	<http://nl.wikipedia.org/wiki/Do-It-Yourself>	
D.B.G.	Commentarii de bello Gallico	<http://nl.wikipedia.org/wiki/Commentarii_de_bello_Gallico>	
V.K.	Verenigd Koninkrijk	<http://nl.wikipedia.org/wiki/Verenigd_Koninkrijk>	
D.V.	Deo volente	<http://nl.wikipedia.org/wiki/Deo_volente>	
V.z.w.	Vereniging zonder winstoogmerk	<http://nl.wikipedia.org/wiki/Vereniging_zonder_winstoogmerk>	
Lic.	Licentiaat	<http://nl.wikipedia.org/wiki/Licentiaat>	
W.C.	Toilet	<http://nl.wikipedia.org/wiki/Toilet>	
M.A.	Master of Arts	<http://nl.wikipedia.org/wiki/Master_of_Arts>	
H.A.P.A.G.	Hamburg-America Line	<http://nl.wikipedia.org/wiki/Hamburg-America_Line>	
S.L.O.R.C.	State Peace and Development Council	<http://nl.wikipedia.org/wiki/State_Peace_and_Development_Council>	
B.V.	Bv	<http://nl.wikipedia.org/wiki/Bv>	
Sic!	Sic (Latijn)	<http://nl.wikipedia.org/wiki/Sic_(Latijn)>	
T.I.R.	Transports Internationaux Routiers	<http://nl.wikipedia.org/wiki/Transports_Internationaux_Routiers>	
Bc.	Baccalaureus	<http://nl.wikipedia.org/wiki/Baccalaureus>	
A.k.a.	Pseudoniem	<http://nl.wikipedia.org/wiki/Pseudoniem>	
K.N.S.M.	Koninklijke Nederlandse Stoomboot-Maatschappij	<http://nl.wikipedia.org/wiki/Koninklijke_Nederlandse_Stoomboot-Maatschappij>	
M.A.S.H.	M*A*S*H	<http://nl.wikipedia.org/wiki/M*A*S*H>	
N.E.R.D.	N.E.R.D	<http://nl.wikipedia.org/wiki/N.E.R.D>	
Fok!	FOK!	<http://nl.wikipedia.org/wiki/FOK!>	
A.O.C.	Appellation d'Origine Contrôlée	<http://nl.wikipedia.org/wiki/Appellation_d'Origine_Contrôlée>	
C.S.F.R.	Civitas Studiosorum in Fundamento Reformato	<http://nl.wikipedia.org/wiki/Civitas_Studiosorum_in_Fundamento_Reformato>	
N.E.W.S.	News	<http://nl.wikipedia.org/wiki/News>	
V.A.R.	Verenigde Arabische Republiek	<http://nl.wikipedia.org/wiki/Verenigde_Arabische_Republiek>	
E.U.	Europese Unie	<http://nl.wikipedia.org/wiki/Europese_Unie>	
L.S.	Lectori salutem	<http://nl.wikipedia.org/wiki/Lectori_salutem>	
Aargh!	Argh!	<http://nl.wikipedia.org/wiki/Argh!>	
A.M.	Am	<http://nl.wikipedia.org/wiki/Am>	
S.M.A.K.	Stedelijk Museum voor Actuele Kunst	<http://nl.wikipedia.org/wiki/Stedelijk_Museum_voor_Actuele_Kunst>	
K.A.V.	Femma	<http://nl.wikipedia.org/wiki/Femma>	
I.r.a.	IRA	<http://nl.wikipedia.org/wiki/IRA>	
E.T.	E.T. the Extra-Terrestrial	<http://nl.wikipedia.org/wiki/E.T._the_Extra-Terrestrial>	
C.Ss.R.	Redemptoristen	<http://nl.wikipedia.org/wiki/Redemptoristen>	
S.J.	Jezuïeten	<http://nl.wikipedia.org/wiki/Jezuïeten>	
S.D.B.	Salesianen van Don Bosco	<http://nl.wikipedia.org/wiki/Salesianen_van_Don_Bosco>	
M.I.P.	Monumenten Inventarisatie Project	<http://nl.wikipedia.org/wiki/Monumenten_Inventarisatie_Project>	
N.W.A.	N.W.A	<http://nl.wikipedia.org/wiki/N.W.A>	
Drs.	Doctorandus	<http://nl.wikipedia.org/wiki/Doctorandus>	
O.Praem.	Premonstratenzers	<http://nl.wikipedia.org/wiki/Premonstratenzers>	
C.ss.R.	Redemptoristen	<http://nl.wikipedia.org/wiki/Redemptoristen>	
A.S.B.L.	Vereniging zonder winstoogmerk	<http://nl.wikipedia.org/wiki/Vereniging_zonder_winstoogmerk>	
Dr.	Doctor	<http://nl.wikipedia.org/wiki/Doctor>	
N.J.N.	Nederlandse Jeugdbond voor Natuurstudie	<http://nl.wikipedia.org/wiki/Nederlandse_Jeugdbond_voor_Natuurstudie>	
P.P.P.	Voltooid deelwoord (Latijn)	<http://nl.wikipedia.org/wiki/Voltooid_deelwoord_(Latijn)>	
F.L.O.	Orde van Franciscaanse Seculieren	<http://nl.wikipedia.org/wiki/Orde_van_Franciscaanse_Seculieren>	
O.F.S.	Orde van Franciscaanse Seculieren	<http://nl.wikipedia.org/wiki/Orde_van_Franciscaanse_Seculieren>	
B.E.A.M.	B.E.A.M	<http://nl.wikipedia.org/wiki/B.E.A.M>	
C.S.R.	Civitas Studiosorum Reformatorum	<http://nl.wikipedia.org/wiki/Civitas_Studiosorum_Reformatorum>	
R.A.B.	Regulus Zwarts	<http://nl.wikipedia.org/wiki/Regulus_Zwarts>	
Q.P.R.	Queens Park Rangers FC	<http://nl.wikipedia.org/wiki/Queens_Park_Rangers_FC>	
W.B.A.	West Bromwich Albion FC	<http://nl.wikipedia.org/wiki/West_Bromwich_Albion_FC>	
Dr.h.c.	Eredoctoraat	<http://nl.wikipedia.org/wiki/Eredoctoraat>	
Prof.	Professor	<http://nl.wikipedia.org/wiki/Professor>	
N.E.E.	Nieuw Elitair Elan	<http://nl.wikipedia.org/wiki/Nieuw_Elitair_Elan>	
V.A.E.	Verenigde Arabische Emiraten	<http://nl.wikipedia.org/wiki/Verenigde_Arabische_Emiraten>	
P.P.A.	Tegenwoordig deelwoord (Latijn)	<http://nl.wikipedia.org/wiki/Tegenwoordig_deelwoord_(Latijn)>	
K.U.T.	Kunst Uitschot Team	<http://nl.wikipedia.org/wiki/Kunst_Uitschot_Team>	
N.V.	Naamloze vennootschap	<http://nl.wikipedia.org/wiki/Naamloze_vennootschap>	
U.F.O.	Unidentified flying object	<http://nl.wikipedia.org/wiki/Unidentified_flying_object>	
B.N.S.L.	Broederschap der Notariële Studenten te Leiden	<http://nl.wikipedia.org/wiki/Broederschap_der_Notariële_Studenten_te_Leiden>	
S.V.D.	Missionarissen van Steyl	<http://nl.wikipedia.org/wiki/Missionarissen_van_Steyl>	
C.I.C.M.	Congregatie van het Onbevlekt Hart van Maria	<http://nl.wikipedia.org/wiki/Congregatie_van_het_Onbevlekt_Hart_van_Maria>	
C.P.	Passionisten	<http://nl.wikipedia.org/wiki/Passionisten>	
S.C.J.	Priestercongregatie van het Heilig Hart van Jezus	<http://nl.wikipedia.org/wiki/Priestercongregatie_van_het_Heilig_Hart_van_Jezus>	
O.M.I.	Oblaten van de Onbevlekte Maagd Maria	<http://nl.wikipedia.org/wiki/Oblaten_van_de_Onbevlekte_Maagd_Maria>	
S.S.S.	Congregatie van het Allerheiligst Sacrament	<http://nl.wikipedia.org/wiki/Congregatie_van_het_Allerheiligst_Sacrament>	
S.M.M.	Montfortanen	<http://nl.wikipedia.org/wiki/Montfortanen>	
C.S.C.	Congregatie van het Heilig Kruis	<http://nl.wikipedia.org/wiki/Congregatie_van_het_Heilig_Kruis>	
C.S.Sp.	Congregatie van de Paters van de Heilige Geest	<http://nl.wikipedia.org/wiki/Congregatie_van_de_Paters_van_de_Heilige_Geest>	
F.I.C.	Broeders van de Onbevlekte Ontvangenis van Maria	<http://nl.wikipedia.org/wiki/Broeders_van_de_Onbevlekte_Ontvangenis_van_Maria>	
M.S.C.	Missionarissen van het Heilig Hart	<http://nl.wikipedia.org/wiki/Missionarissen_van_het_Heilig_Hart>	
S.M.A.	Sociëteit voor Afrikaanse Missiën	<http://nl.wikipedia.org/wiki/Sociëteit_voor_Afrikaanse_Missiën>	
NEU!	Neu!	<http://nl.wikipedia.org/wiki/Neu!>	
I.i.d.	Aselecte steekproef	<http://nl.wikipedia.org/wiki/Aselecte_steekproef>	
Gedilo-I.K.	Encare	<http://nl.wikipedia.org/wiki/Encare>	
Gecoli-C.C.M.	Encare	<http://nl.wikipedia.org/wiki/Encare>	
SS.CC.	Picpus-paters	<http://nl.wikipedia.org/wiki/Picpus-paters>	
A.R.A.B.	Algemeen Reglement voor de Arbeidsbescherming	<http://nl.wikipedia.org/wiki/Algemeen_Reglement_voor_de_Arbeidsbescherming>	
A.R.E.I.	Algemeen Reglement op de Elektrische Installaties	<http://nl.wikipedia.org/wiki/Algemeen_Reglement_op_de_Elektrische_Installaties>	
Afd.	Lettergreep	<http://nl.wikipedia.org/wiki/Lettergreep>	
U.G.V.	Utrechtse Geologen Vereniging	<http://nl.wikipedia.org/wiki/Utrechtse_Geologen_Vereniging>	
O.S.F.S.	Oblaten van Sint-Franciscus van Sales	<http://nl.wikipedia.org/wiki/Oblaten_van_Sint-Franciscus_van_Sales>	
B.B.C.	British Broadcasting Corporation	<http://nl.wikipedia.org/wiki/British_Broadcasting_Corporation>	
K.N.G.M.G.	Koninklijk Nederlands Geologisch Mijnbouwkundig Genootschap	<http://nl.wikipedia.org/wiki/Koninklijk_Nederlands_Geologisch_Mijnbouwkundig_Genootschap>	
Groenfront!	GroenFront!	<http://nl.wikipedia.org/wiki/GroenFront!>	
O.F.M.	Franciscanen	<http://nl.wikipedia.org/wiki/Franciscanen>	
A.S.O.	Amaury Sport Organisation	<http://nl.wikipedia.org/wiki/Amaury_Sport_Organisation>	
G.K.I.N.	Gereja Kristen Indonesia Nederland	<http://nl.wikipedia.org/wiki/Gereja_Kristen_Indonesia_Nederland>	
D.V.M.	Doctor of Veterinary Medicine	<http://nl.wikipedia.org/wiki/Doctor_of_Veterinary_Medicine>	
V.U.G.S.	Vereniging van Utrechtse Geografie Studenten	<http://nl.wikipedia.org/wiki/Vereniging_van_Utrechtse_Geografie_Studenten>	
N.o.t.k.	Lijst van afkortingen	<http://nl.wikipedia.org/wiki/Lijst_van_afkortingen>	
Msgplus!	Messenger Plus!	<http://nl.wikipedia.org/wiki/Messenger_Plus!>	
R.I.B.W.	Regionale Instelling voor Beschermd Wonen	<http://nl.wikipedia.org/wiki/Regionale_Instelling_voor_Beschermd_Wonen>	
Sd.Kfz.	Lijst van Sonderkraftfahrzeuge	<http://nl.wikipedia.org/wiki/Lijst_van_Sonderkraftfahrzeuge>	
N.O.V.A.	Nova	<http://nl.wikipedia.org/wiki/Nova>	
Ds.	Dominee	<http://nl.wikipedia.org/wiki/Dominee>	
LL.M.	Meester in de rechten	<http://nl.wikipedia.org/wiki/Meester_in_de_rechten>	
LL.B.	Bachelor of Laws	<http://nl.wikipedia.org/wiki/Bachelor_of_Laws>	
Ing.	Ingenieur	<http://nl.wikipedia.org/wiki/Ingenieur>	
Ir.	Ingenieur	<http://nl.wikipedia.org/wiki/Ingenieur>	
Bacc.	Baccalaureus	<http://nl.wikipedia.org/wiki/Baccalaureus>	
O.F.M.Cap.	Kapucijnen	<http://nl.wikipedia.org/wiki/Kapucijnen>	
Raf.	Constantine Samuel Rafinesque-Schmaltz	<http://nl.wikipedia.org/wiki/Constantine_Samuel_Rafinesque-Schmaltz>	
O.K.	Oké	<http://nl.wikipedia.org/wiki/Oké>	
Lam.	Jean-Baptiste de Lamarck	<http://nl.wikipedia.org/wiki/Jean-Baptiste_de_Lamarck>	
O.N.C.E.	ONCE (wielerploeg)	<http://nl.wikipedia.org/wiki/ONCE_(wielerploeg)>	
S.O.S.	SOS (noodsignaal)	<http://nl.wikipedia.org/wiki/SOS_(noodsignaal)>	
Yum!	Yum! Brands	<http://nl.wikipedia.org/wiki/Yum!_Brands>	
Toppertje!	Guillermo & Tropical Danny	<http://nl.wikipedia.org/wiki/Guillermo_&_Tropical_Danny>	
O.S.A.	Augustijnen (kloosterorde)	<http://nl.wikipedia.org/wiki/Augustijnen_(kloosterorde)>	
A.S.	As	<http://nl.wikipedia.org/wiki/As>	
V.S.A.	Verenigde Staten	<http://nl.wikipedia.org/wiki/Verenigde_Staten>	
D.a.m.n.	Don't Accept Mass Notion	<http://nl.wikipedia.org/wiki/Don't_Accept_Mass_Notion>	
B.O.	Bo	<http://nl.wikipedia.org/wiki/Bo>	
O.s.c.	Orde van het Heilig Kruis	<http://nl.wikipedia.org/wiki/Orde_van_het_Heilig_Kruis>	
Ofm.cap.	Kapucijnen	<http://nl.wikipedia.org/wiki/Kapucijnen>	
Ŧ.A.T.u.	T.A.T.u.	<http://nl.wikipedia.org/wiki/T.A.T.u.>	
B.W.	Burgerlijk Wetboek	<http://nl.wikipedia.org/wiki/Burgerlijk_Wetboek>	
C2H7NO2S.	Ammoniumthioglycolaat	<http://nl.wikipedia.org/wiki/Ammoniumthioglycolaat>	
T.R.E.C.	Trans-Mediterranean Renewable Energy Cooperation	<http://nl.wikipedia.org/wiki/Trans-Mediterranean_Renewable_Energy_Cooperation>	
D.F.	Mexico-Stad	<http://nl.wikipedia.org/wiki/Mexico-Stad>	
GIEL!	GIEL (radioprogramma)	<http://nl.wikipedia.org/wiki/GIEL_(radioprogramma)>	
Giel!	GIEL (radioprogramma)	<http://nl.wikipedia.org/wiki/GIEL_(radioprogramma)>	
Planch.	Jules Émile Planchon	<http://nl.wikipedia.org/wiki/Jules_Émile_Planchon>	
Urb.	Ignatz Urban	<http://nl.wikipedia.org/wiki/Ignatz_Urban>	
Vanderpl.	John Vanderplank	<http://nl.wikipedia.org/wiki/John_Vanderplank>	
W.T.B.W.	Quod erat demonstrandum	<http://nl.wikipedia.org/wiki/Quod_erat_demonstrandum>	
T.S.G.	Thorbecke Scholengemeenschap	<http://nl.wikipedia.org/wiki/Thorbecke_Scholengemeenschap>	
Labill.	Jacques Julien Houtou de Labillardière	<http://nl.wikipedia.org/wiki/Jacques_Julien_Houtou_de_Labillardière>	
G.O.B.	Grootoosten van België	<http://nl.wikipedia.org/wiki/Grootoosten_van_België>	
G.L.B.	Grootloge van België	<http://nl.wikipedia.org/wiki/Grootloge_van_België>	
V.G.L.B.	Vrouwengrootloge van België	<http://nl.wikipedia.org/wiki/Vrouwengrootloge_van_België>	
D.H.	Ordre Maçonnique Mixte International Le Droit Humain	<http://nl.wikipedia.org/wiki/Ordre_Maçonnique_Mixte_International_Le_Droit_Humain>	
R.G.L.B.	Reguliere Grootloge van België	<http://nl.wikipedia.org/wiki/Reguliere_Grootloge_van_België>	
G.O.L.	Grootoosten van Luxemburg	<http://nl.wikipedia.org/wiki/Grootoosten_van_Luxemburg>	
B.G.K.	Balthasar Gerards Kommando	<http://nl.wikipedia.org/wiki/Balthasar_Gerards_Kommando>	
Juss.	Antoine Laurent de Jussieu	<http://nl.wikipedia.org/wiki/Antoine_Laurent_de_Jussieu>	
G.O.N.	Grootoosten der Nederlanden	<http://nl.wikipedia.org/wiki/Grootoosten_der_Nederlanden>	
S.A.S.	Sas	<http://nl.wikipedia.org/wiki/Sas>	
CAZ!	Arrow Caz	<http://nl.wikipedia.org/wiki/Arrow_Caz>	
B.I.P.P.	British Institute of Professional Photography	<http://nl.wikipedia.org/wiki/British_Institute_of_Professional_Photography>	
M.A.N.	MAN SE	<http://nl.wikipedia.org/wiki/MAN_SE>	
A.A.S.R.	Aloude en Aangenomen Schotse Ritus	<http://nl.wikipedia.org/wiki/Aloude_en_Aangenomen_Schotse_Ritus>	
Thor!	Thor Salden	<http://nl.wikipedia.org/wiki/Thor_Salden>	
Mast.	Maxwell Tylden Masters	<http://nl.wikipedia.org/wiki/Maxwell_Tylden_Masters>	
Hillebr.	Wilhelm Hillebrand	<http://nl.wikipedia.org/wiki/Wilhelm_Hillebrand>	
G.O.F.	Grand Orient de France	<http://nl.wikipedia.org/wiki/Grand_Orient_de_France>	
G.O.d.F.	Grand Orient de France	<http://nl.wikipedia.org/wiki/Grand_Orient_de_France>	
Torr.	John Torrey	<http://nl.wikipedia.org/wiki/John_Torrey>	
U.G.L.E.	United Grand Lodge of England	<http://nl.wikipedia.org/wiki/United_Grand_Lodge_of_England>	
Becc.	Odoardo Beccari	<http://nl.wikipedia.org/wiki/Odoardo_Beccari>	
C.q.	Casu quo	<http://nl.wikipedia.org/wiki/Casu_quo>	
Dumort.	Barthélemy Dumortier	<http://nl.wikipedia.org/wiki/Barthélemy_Dumortier>	
R.Br.	Robert Brown (botanicus)	<http://nl.wikipedia.org/wiki/Robert_Brown_(botanicus)>	
W.O.W.	Wow	<http://nl.wikipedia.org/wiki/Wow>	
Antwerpen-D.S.	Station Antwerpen-Dokken en -Stapelplaatsen	<http://nl.wikipedia.org/wiki/Station_Antwerpen-Dokken_en_-Stapelplaatsen>	
Lamb.	Aylmer Bourke Lambert	<http://nl.wikipedia.org/wiki/Aylmer_Bourke_Lambert>	
Lindl.	John Lindley	<http://nl.wikipedia.org/wiki/John_Lindley>	
Hook.f.	Joseph Dalton Hooker	<http://nl.wikipedia.org/wiki/Joseph_Dalton_Hooker>	
Meerb.	Nicolaas Meerburgh	<http://nl.wikipedia.org/wiki/Nicolaas_Meerburgh>	
S.I.M.P.A.	Secrétariat International Maçonnique des Puissances Adogmatiques	<http://nl.wikipedia.org/wiki/Secrétariat_International_Maçonnique_des_Puissances_Adogmatiques>	
N.N.	Nomen nescio	<http://nl.wikipedia.org/wiki/Nomen_nescio>	
Balf.f.	Isaac Bayley Balfour	<http://nl.wikipedia.org/wiki/Isaac_Bayley_Balfour>	
I.L.S.	Instrument landing system	<http://nl.wikipedia.org/wiki/Instrument_landing_system>	
N.c.I.	Nominativus cum infinitivo	<http://nl.wikipedia.org/wiki/Nominativus_cum_infinitivo>	
E.M.	Elektronische muziek	<http://nl.wikipedia.org/wiki/Elektronische_muziek>	
Auerbach/Vogtl.	Auerbach (Vogtlandkreis)	<http://nl.wikipedia.org/wiki/Auerbach_(Vogtlandkreis)>	
Ebersbach/Sa.	Ebersbach (Saksen)	<http://nl.wikipedia.org/wiki/Ebersbach_(Saksen)>	
Frankenberg/Sa.	Frankenberg (Saksen)	<http://nl.wikipedia.org/wiki/Frankenberg_(Saksen)>	
D'Oh!	D'oh!	<http://nl.wikipedia.org/wiki/D'oh!>	
Lichtenberg/Erzgeb.	Lichtenberg (Erzgebirge)	<http://nl.wikipedia.org/wiki/Lichtenberg_(Erzgebirge)>	
U.V.S.V.	N.V.V.S.U.	<http://nl.wikipedia.org/wiki/U.V.S.V./N.V.V.S.U.>	
U.v.s.v.	N.V.V.S.U.	<http://nl.wikipedia.org/wiki/U.V.S.V./N.V.V.S.U.>	
N.W.H.K.	Nederlandsch Wetenschappelijk Humanitair Komitee	<http://nl.wikipedia.org/wiki/Nederlandsch_Wetenschappelijk_Humanitair_Komitee>	
N.O.S.	Nederlandse Omroep Stichting	<http://nl.wikipedia.org/wiki/Nederlandse_Omroep_Stichting>	
T.A.T.U.	T.A.T.u.	<http://nl.wikipedia.org/wiki/T.A.T.u.>	
A.I.	Ai	<http://nl.wikipedia.org/wiki/Ai>	
E.U.R.	EUR (Rome)	<http://nl.wikipedia.org/wiki/EUR_(Rome)>	
Mill.	Philip Miller	<http://nl.wikipedia.org/wiki/Philip_Miller>	
C.M.B.	Compagnie Maritime Belge	<http://nl.wikipedia.org/wiki/Compagnie_Maritime_Belge>	
Yes!	Young Engineers Sportscar	<http://nl.wikipedia.org/wiki/Young_Engineers_Sportscar>	
LEF!	Links Ecologisch Forum	<http://nl.wikipedia.org/wiki/Links_Ecologisch_Forum>	
E.H.B.O.	Eerste Hulp bij Ongevallen	<http://nl.wikipedia.org/wiki/Eerste_Hulp_bij_Ongevallen>	
Opgelicht!	Opgelicht?!	<http://nl.wikipedia.org/wiki/Opgelicht?!>	
V.d.j.	Anno Domini	<http://nl.wikipedia.org/wiki/Anno_Domini>	
B.ASc.	Bachelor of Applied Science	<http://nl.wikipedia.org/wiki/Bachelor_of_Applied_Science>	
B.App.Sc.	Bachelor of Applied Science	<http://nl.wikipedia.org/wiki/Bachelor_of_Applied_Science>	
M.Sc.	Master of Science	<http://nl.wikipedia.org/wiki/Master_of_Science>	
Aggl.	Agglomeratie	<http://nl.wikipedia.org/wiki/Agglomeratie>	
K.T.H.Y.	Kıbrıs Türk Hava Yolları	<http://nl.wikipedia.org/wiki/Kıbrıs_Türk_Hava_Yolları>	
M.Arch.	Master of Architecture	<http://nl.wikipedia.org/wiki/Master_of_Architecture>	
M.Urb.	Master of Urban Design	<http://nl.wikipedia.org/wiki/Master_of_Urban_Design>	
M.Ed.	Master of Education	<http://nl.wikipedia.org/wiki/Master_of_Education>	
M.Phil.	Master of Philosophy	<http://nl.wikipedia.org/wiki/Master_of_Philosophy>	
B.Eng.	Ingenieur	<http://nl.wikipedia.org/wiki/Ingenieur>	
B.Ed.	Bachelor of Education	<http://nl.wikipedia.org/wiki/Bachelor_of_Education>	
Cand.	Kandidaats	<http://nl.wikipedia.org/wiki/Kandidaats>	
B.A.R.	Browning Automatic Rifle	<http://nl.wikipedia.org/wiki/Browning_Automatic_Rifle>	
Miq.	Friedrich Anton Wilhelm Miquel	<http://nl.wikipedia.org/wiki/Friedrich_Anton_Wilhelm_Miquel>	
Orphanimo!	Orphanimo!!	<http://nl.wikipedia.org/wiki/Orphanimo!!>	
C.A.P.	Comité voor een Andere Politiek	<http://nl.wikipedia.org/wiki/Comité_voor_een_Andere_Politiek>	
S.L.I.J.M.B.A.L.	S.L.IJ.M.B.A.L.	<http://nl.wikipedia.org/wiki/S.L.IJ.M.B.A.L.>	
Concert-P.A.	PA (geluidssysteem)	<http://nl.wikipedia.org/wiki/PA_(geluidssysteem)>	
Al.Brongn.	Alexandre Brongniart	<http://nl.wikipedia.org/wiki/Alexandre_Brongniart>	
A.Juss.	Adrien Henri Laurent de Jussieu	<http://nl.wikipedia.org/wiki/Adrien_Henri_Laurent_de_Jussieu>	
Bechst.	Johann Matthäus Bechstein	<http://nl.wikipedia.org/wiki/Johann_Matthäus_Bechstein>	
Blainv.	Henri Marie Ducrotay de Blainville	<http://nl.wikipedia.org/wiki/Henri_Marie_Ducrotay_de_Blainville>	
Boerh.	Herman Boerhaave	<http://nl.wikipedia.org/wiki/Herman_Boerhaave>	
Braun-Blanq.	Josias Braun-Blanquet	<http://nl.wikipedia.org/wiki/Josias_Braun-Blanquet>	
Cham.	Adelbert von Chamisso	<http://nl.wikipedia.org/wiki/Adelbert_von_Chamisso>	
Clus.	Carolus Clusius	<http://nl.wikipedia.org/wiki/Carolus_Clusius>	
DC.	Augustin Pyramus de Candolle	<http://nl.wikipedia.org/wiki/Augustin_Pyramus_de_Candolle>	
Dum.	Barthélemy Dumortier	<http://nl.wikipedia.org/wiki/Barthélemy_Dumortier>	
F.Lestib.	François-Joseph Lestiboudois	<http://nl.wikipedia.org/wiki/François-Joseph_Lestiboudois>	
Fr.	Elias Magnus Fries	<http://nl.wikipedia.org/wiki/Elias_Magnus_Fries>	
Grandid.	Alfred Grandidier	<http://nl.wikipedia.org/wiki/Alfred_Grandidier>	
Frém.	John Charles Frémont	<http://nl.wikipedia.org/wiki/John_Charles_Frémont>	
H.Karst.	Gustav Karl Wilhelm Hermann Karsten	<http://nl.wikipedia.org/wiki/Gustav_Karl_Wilhelm_Hermann_Karsten>	
Huds.	William Hudson	<http://nl.wikipedia.org/wiki/William_Hudson>	
Houtt.	Maarten Houttuyn	<http://nl.wikipedia.org/wiki/Maarten_Houttuyn>	
J.Fabr.	Johann Christian Fabricius	<http://nl.wikipedia.org/wiki/Johann_Christian_Fabricius>	
J.F.Gmel.	Johann Friedrich Gmelin	<http://nl.wikipedia.org/wiki/Johann_Friedrich_Gmelin>	
Humb.	Alexander von Humboldt	<http://nl.wikipedia.org/wiki/Alexander_von_Humboldt>	
J.J.Sm.	Johannes Jacobus Smith	<http://nl.wikipedia.org/wiki/Johannes_Jacobus_Smith>	
Kaempf.	Engelbert Kaempfer	<http://nl.wikipedia.org/wiki/Engelbert_Kaempfer>	
Lepech.	Ivan Lepjochin	<http://nl.wikipedia.org/wiki/Ivan_Lepjochin>	
Medik.	Friedrich Kasimir Medikus	<http://nl.wikipedia.org/wiki/Friedrich_Kasimir_Medikus>	
Medic.	Friedrich Kasimir Medikus	<http://nl.wikipedia.org/wiki/Friedrich_Kasimir_Medikus>	
O.Deg.	Otto Degener	<http://nl.wikipedia.org/wiki/Otto_Degener>	
Pall.	Peter Simon Pallas	<http://nl.wikipedia.org/wiki/Peter_Simon_Pallas>	
Pers.	Christiaan Hendrik Persoon	<http://nl.wikipedia.org/wiki/Christiaan_Hendrik_Persoon>	
Rchb.	Heinrich Gottlieb Ludwig Reichenbach	<http://nl.wikipedia.org/wiki/Heinrich_Gottlieb_Ludwig_Reichenbach>	
Reinw.	Caspar Georg Carl Reinwardt	<http://nl.wikipedia.org/wiki/Caspar_Georg_Carl_Reinwardt>	
Scop.	Giovanni Antonio Scopoli	<http://nl.wikipedia.org/wiki/Giovanni_Antonio_Scopoli>	
O.M.	Officine Meccaniche	<http://nl.wikipedia.org/wiki/Officine_Meccaniche>	
R.A.	Reumatoïde artritis	<http://nl.wikipedia.org/wiki/Reumatoïde_artritis>	
F.D.N.S.C.	Dochters van Onze Lieve Vrouw van het Heilig Hart	<http://nl.wikipedia.org/wiki/Dochters_van_Onze_Lieve_Vrouw_van_het_Heilig_Hart>	
N.I.A.S.	Nederlandsch-Indische Artsen School	<http://nl.wikipedia.org/wiki/Nederlandsch-Indische_Artsen_School>	
Mej.	Juffrouw	<http://nl.wikipedia.org/wiki/Juffrouw>	
R.v.s.v.	RVSV	<http://nl.wikipedia.org/wiki/RVSV>	
R.s.c.	Rotterdamsch Studenten Corps	<http://nl.wikipedia.org/wiki/Rotterdamsch_Studenten_Corps>	
Cfr.	Cf.	<http://nl.wikipedia.org/wiki/Cf.>	
M.W.O.	Militaire Willems-Orde	<http://nl.wikipedia.org/wiki/Militaire_Willems-Orde>	
Wdl.	Groene Boekje	<http://nl.wikipedia.org/wiki/Groene_Boekje>	
K.H.B.	Katholieke Hogeschool Brussel	<http://nl.wikipedia.org/wiki/Katholieke_Hogeschool_Brussel>	
F.H.S.	Fiscale Hogeschool	<http://nl.wikipedia.org/wiki/Fiscale_Hogeschool>	
L.P.	Langspeelplaat	<http://nl.wikipedia.org/wiki/Langspeelplaat>	
Schreb.	Johann Christian von Schreber	<http://nl.wikipedia.org/wiki/Johann_Christian_von_Schreber>	
S.P.O.C.K.	S.P.O.C.K	<http://nl.wikipedia.org/wiki/S.P.O.C.K>	
Tannenbergsthal/Vogtl.	Tannenbergsthal	<http://nl.wikipedia.org/wiki/Tannenbergsthal>	
P.E.G.	Percutane endoscopische gastrostomie	<http://nl.wikipedia.org/wiki/Percutane_endoscopische_gastrostomie>	
Klingenthal/Sa.	Klingenthal	<http://nl.wikipedia.org/wiki/Klingenthal>	
H.U.B.	Hogeschool-Universiteit Brussel	<http://nl.wikipedia.org/wiki/Hogeschool-Universiteit_Brussel>	
N.S.B.	Nationaal-Socialistische Beweging	<http://nl.wikipedia.org/wiki/Nationaal-Socialistische_Beweging>	
Aq.	Waterige oplossing	<http://nl.wikipedia.org/wiki/Waterige_oplossing>	
Boxberg/O.L.	Oberlausitz	<http://nl.wikipedia.org/wiki/Boxberg/Oberlausitz>	
Rothenburg/O.L.	Oberlausitz	<http://nl.wikipedia.org/wiki/Rothenburg/Oberlausitz>	
M.I.T.	Massachusetts Institute of Technology	<http://nl.wikipedia.org/wiki/Massachusetts_Institute_of_Technology>	
Spits!	Sp!ts	<http://nl.wikipedia.org/wiki/Sp!ts>	
GO!	Raad voor het Gemeenschapsonderwijs	<http://nl.wikipedia.org/wiki/Raad_voor_het_Gemeenschapsonderwijs>	
Cq.	Casu quo	<http://nl.wikipedia.org/wiki/Casu_quo>	
Spring!	Spring (televisiesoap)	<http://nl.wikipedia.org/wiki/Spring_(televisiesoap)>	
Spring!!!	Spring (televisiesoap)	<http://nl.wikipedia.org/wiki/Spring_(televisiesoap)>	
Kin-Dza-Dza!	Kin-dza-dza!	<http://nl.wikipedia.org/wiki/Kin-dza-dza!>	
Pink!	PINK!	<http://nl.wikipedia.org/wiki/PINK!>	
E.M.H.C.	Eindhovense Mixed Hockey Club	<http://nl.wikipedia.org/wiki/Eindhovense_Mixed_Hockey_Club>	
Burn!	Queimada	<http://nl.wikipedia.org/wiki/Queimada>	
Takht.	Armen Tachtadzjan	<http://nl.wikipedia.org/wiki/Armen_Tachtadzjan>	
R.A.M.I.	J.M.K.	<http://nl.wikipedia.org/wiki/J.M.K.>	
Lec.	Lector	<http://nl.wikipedia.org/wiki/Lector>	
R.A.C.	Rock Against Communism	<http://nl.wikipedia.org/wiki/Rock_Against_Communism>	
G.Forst.	Johann Georg Adam Forster	<http://nl.wikipedia.org/wiki/Johann_Georg_Adam_Forster>	
Fl.	Nederlandse gulden	<http://nl.wikipedia.org/wiki/Nederlandse_gulden>	
Dld.	Duitsland	<http://nl.wikipedia.org/wiki/Duitsland>	
Tinkebell.	TINKEBELL	<http://nl.wikipedia.org/wiki/TINKEBELL>	
Thunb.	Carl Peter Thunberg	<http://nl.wikipedia.org/wiki/Carl_Peter_Thunberg>	
Sol.	Daniel Solander	<http://nl.wikipedia.org/wiki/Daniel_Solander>	
Sect.	Sectie (biologie)	<http://nl.wikipedia.org/wiki/Sectie_(biologie)>	
Jhr.	Jonkheer	<http://nl.wikipedia.org/wiki/Jonkheer>	
Merr.	Elmer Drew Merrill	<http://nl.wikipedia.org/wiki/Elmer_Drew_Merrill>	
Burm.f.	Nicolaas Laurens Burman	<http://nl.wikipedia.org/wiki/Nicolaas_Laurens_Burman>	
Rchb.f.	Heinrich Gustav Reichenbach	<http://nl.wikipedia.org/wiki/Heinrich_Gustav_Reichenbach>	
Barb.Rodr.	João Barbosa Rodrigues	<http://nl.wikipedia.org/wiki/João_Barbosa_Rodrigues>	
J.R.Forst.	Johann Reinhold Forster	<http://nl.wikipedia.org/wiki/Johann_Reinhold_Forster>	
Subsp.	Ondersoort	<http://nl.wikipedia.org/wiki/Ondersoort>	
F.T.I.	Flanders Technology International	<http://nl.wikipedia.org/wiki/Flanders_Technology_International>	
Var.	Variëteit (biologie)	<http://nl.wikipedia.org/wiki/Variëteit_(biologie)>	
A.m.	Ante meridiem en post meridiem	<http://nl.wikipedia.org/wiki/Ante_meridiem_en_post_meridiem>	
E.I.C.	Britse Oost-Indische Compagnie	<http://nl.wikipedia.org/wiki/Britse_Oost-Indische_Compagnie>	
陳港生.	Jackie Chan	<http://nl.wikipedia.org/wiki/Jackie_Chan>	
Skottsb.	Carl Skottsberg	<http://nl.wikipedia.org/wiki/Carl_Skottsberg>	
Plankton!	Lijst van afleveringen van SpongeBob SquarePants (seizoen 1)	<http://nl.wikipedia.org/wiki/Lijst_van_afleveringen_van_SpongeBob_SquarePants_(seizoen_1)>	
F.U.N.	Lijst van afleveringen van SpongeBob SquarePants (seizoen 1)	<http://nl.wikipedia.org/wiki/Lijst_van_afleveringen_van_SpongeBob_SquarePants_(seizoen_1)>	
S.K.V.H.	Secretariaat der Katholieke Vlaamse Hoogstudenten	<http://nl.wikipedia.org/wiki/Secretariaat_der_Katholieke_Vlaamse_Hoogstudenten>	
V.O.F.	Vennootschap onder firma	<http://nl.wikipedia.org/wiki/Vennootschap_onder_firma>	
C.U.R.C.C.	Peñarol	<http://nl.wikipedia.org/wiki/Peñarol>	
E.G.	Europese Gemeenschap	<http://nl.wikipedia.org/wiki/Europese_Gemeenschap>	
Jensen!	JENSEN!	<http://nl.wikipedia.org/wiki/JENSEN!>	
V.s.	VS	<http://nl.wikipedia.org/wiki/VS>	
L.E.T.S.	Lets (doorverwijspagina)	<http://nl.wikipedia.org/wiki/Lets_(doorverwijspagina)>	
Jacq.	Nikolaus Joseph von Jacquin	<http://nl.wikipedia.org/wiki/Nikolaus_Joseph_von_Jacquin>	
F.O.D.	Federale Overheidsdienst	<http://nl.wikipedia.org/wiki/Federale_Overheidsdienst>	
T.n.t.	TNT	<http://nl.wikipedia.org/wiki/TNT>	
M.F.L.S.	Medische Faculteit der Leidse Studenten	<http://nl.wikipedia.org/wiki/Medische_Faculteit_der_Leidse_Studenten>	
K.N.P.S.V.	Koninklijke Nederlandse Pharmaceutische Studenten Vereniging	<http://nl.wikipedia.org/wiki/Koninklijke_Nederlandse_Pharmaceutische_Studenten_Vereniging>	
K.B.V.B.	Koninklijke Belgische Voetbalbond	<http://nl.wikipedia.org/wiki/Koninklijke_Belgische_Voetbalbond>	
W.T.O.	Wereldhandelsorganisatie	<http://nl.wikipedia.org/wiki/Wereldhandelsorganisatie>	
O.E.S.O.	Organisatie voor Economische Samenwerking en Ontwikkeling	<http://nl.wikipedia.org/wiki/Organisatie_voor_Economische_Samenwerking_en_Ontwikkeling>	
O.E.C.D.	Organisatie voor Economische Samenwerking en Ontwikkeling	<http://nl.wikipedia.org/wiki/Organisatie_voor_Economische_Samenwerking_en_Ontwikkeling>	
I.M.F.	Internationaal Monetair Fonds	<http://nl.wikipedia.org/wiki/Internationaal_Monetair_Fonds>	
M.e.r.	Milieueffectrapportage	<http://nl.wikipedia.org/wiki/Milieueffectrapportage>	
J.Dransf.	John Dransfield	<http://nl.wikipedia.org/wiki/John_Dransfield>	
T.O.B.A.	Theater Owners Booking Association	<http://nl.wikipedia.org/wiki/Theater_Owners_Booking_Association>	
Vl.Pro.	Sociaal-Liberale Partij	<http://nl.wikipedia.org/wiki/Sociaal-Liberale_Partij>	
M.E.K.	Butanon	<http://nl.wikipedia.org/wiki/Butanon>	
Ssp.	Ondersoort	<http://nl.wikipedia.org/wiki/Ondersoort>	
C.O.V.S.	Centrale Organisatie van Voetbal Scheidsrechters	<http://nl.wikipedia.org/wiki/Centrale_Organisatie_van_Voetbal_Scheidsrechters>	
F.I.M.C.A.P.	Fimcap	<http://nl.wikipedia.org/wiki/Fimcap>	
S.U.C.	Screwed Up Click	<http://nl.wikipedia.org/wiki/Screwed_Up_Click>	
A.F.I.	AFI (band)	<http://nl.wikipedia.org/wiki/AFI_(band)>	
S.W.I.F.T.	Society for Worldwide Interbank Financial Telecommunication	<http://nl.wikipedia.org/wiki/Society_for_Worldwide_Interbank_Financial_Telecommunication>	
N.A.I.A.S.	North American International Auto Show	<http://nl.wikipedia.org/wiki/North_American_International_Auto_Show>	
IsOokSchitterend!	I.O.S.	<http://nl.wikipedia.org/wiki/I.O.S.>	
With.	William Withering	<http://nl.wikipedia.org/wiki/William_Withering>	
W.IJ.C.	VV IJhorst	<http://nl.wikipedia.org/wiki/VV_IJhorst>	
I.O.L.	Instituut voor de Opleiding van Leraren	<http://nl.wikipedia.org/wiki/Instituut_voor_de_Opleiding_van_Leraren>	
Falkenstein/Vogtl.	Falkenstein (Vogtland)	<http://nl.wikipedia.org/wiki/Falkenstein_(Vogtland)>	
Mgr.	Monseigneur	<http://nl.wikipedia.org/wiki/Monseigneur>	
Gornau/Erzgeb.	Gornau	<http://nl.wikipedia.org/wiki/Gornau>	
Stb.	Staatsblad van het Koninkrijk der Nederlanden	<http://nl.wikipedia.org/wiki/Staatsblad_van_het_Koninkrijk_der_Nederlanden>	
K.k.	Kosten koper	<http://nl.wikipedia.org/wiki/Kosten_koper>	
V.o.n.	Vrij op naam	<http://nl.wikipedia.org/wiki/Vrij_op_naam>	
Hyperstatisch.	Statisch (on)bepaald	<http://nl.wikipedia.org/wiki/Statisch_(on)bepaald>	
S.s.	Sensu stricto	<http://nl.wikipedia.org/wiki/Sensu_stricto>	
M.e.	ME	<http://nl.wikipedia.org/wiki/ME>	
Ach.	Erik Acharius	<http://nl.wikipedia.org/wiki/Erik_Acharius>	
Afzel.	Adam Afzelius	<http://nl.wikipedia.org/wiki/Adam_Afzelius>	
Adans.	Michel Adanson	<http://nl.wikipedia.org/wiki/Michel_Adanson>	
F.C.I.	Fédération Cynologique Internationale	<http://nl.wikipedia.org/wiki/Fédération_Cynologique_Internationale>	
K.U.L.A.K.	Katholieke Universiteit Leuven Kulak	<http://nl.wikipedia.org/wiki/Katholieke_Universiteit_Leuven_Kulak>	
Ehrh.	Jakob Friedrich Ehrhart	<http://nl.wikipedia.org/wiki/Jakob_Friedrich_Ehrhart>	
Benth.	George Bentham	<http://nl.wikipedia.org/wiki/George_Bentham>	
Cav.	Antonio José Cavanilles	<http://nl.wikipedia.org/wiki/Antonio_José_Cavanilles>	
Verdc.	Bernard Verdcourt	<http://nl.wikipedia.org/wiki/Bernard_Verdcourt>	
G.L.S.	Grand Lodge of Scotland	<http://nl.wikipedia.org/wiki/Grand_Lodge_of_Scotland>	
G.L.d.F.	Grande Loge de France	<http://nl.wikipedia.org/wiki/Grande_Loge_de_France>	
H.A.W.X.	Tom Clancy's H.A.W.X.	<http://nl.wikipedia.org/wiki/Tom_Clancy's_H.A.W.X.>	
Toml.	Philip Barry Tomlinson	<http://nl.wikipedia.org/wiki/Philip_Barry_Tomlinson>	
A.C.Sm.	Albert Charles Smith	<http://nl.wikipedia.org/wiki/Albert_Charles_Smith>	
Arn.	George Arnott Walker Arnott	<http://nl.wikipedia.org/wiki/George_Arnott_Walker_Arnott>	
S.l.	SL	<http://nl.wikipedia.org/wiki/SL>	
Alderw.	Cornelis Rugier Willem Karel van Alderwerelt van Rosenburgh	<http://nl.wikipedia.org/wiki/Cornelis_Rugier_Willem_Karel_van_Alderwerelt_van_Rosenburgh>	
Z.v.v.a.	Zonder verlies van algemeenheid	<http://nl.wikipedia.org/wiki/Zonder_verlies_van_algemeenheid>	
H.M.	HM (patiënt)	<http://nl.wikipedia.org/wiki/HM_(patiënt)>	
SmackDown!	WWE SmackDown	<http://nl.wikipedia.org/wiki/WWE_SmackDown>	
Q.I.	QI (BBC)	<http://nl.wikipedia.org/wiki/QI_(BBC)>	
G.L.I.	Grand Lodge of Ireland	<http://nl.wikipedia.org/wiki/Grand_Lodge_of_Ireland>	
C.F.A.C.	Alexianen	<http://nl.wikipedia.org/wiki/Alexianen>	
C.F.C.	Christelijke Broeders van Ierland	<http://nl.wikipedia.org/wiki/Christelijke_Broeders_van_Ierland>	
C.F.I.C.	Broeders van Huijbergen	<http://nl.wikipedia.org/wiki/Broeders_van_Huijbergen>	
C.R.S.P.	Barnabieten	<http://nl.wikipedia.org/wiki/Barnabieten>	
Berk.	Miles Joseph Berkeley	<http://nl.wikipedia.org/wiki/Miles_Joseph_Berkeley>	
F.M.S.	Broeders Maristen	<http://nl.wikipedia.org/wiki/Broeders_Maristen>	
Lampre-N.G.C.	Lampre-Merida	<http://nl.wikipedia.org/wiki/Lampre-Merida>	
Jungh.	Franz Junghuhn	<http://nl.wikipedia.org/wiki/Franz_Junghuhn>	
C.M.C.	Cultureel Maçonniek Centrum 'Prins Frederik'	<http://nl.wikipedia.org/wiki/Cultureel_Maçonniek_Centrum_'Prins_Frederik'>	
Trel.	William Trelease	<http://nl.wikipedia.org/wiki/William_Trelease>	
Nu.	Nu. (film)	<http://nl.wikipedia.org/wiki/Nu._(film)>	
C.b.o.	CBO	<http://nl.wikipedia.org/wiki/CBO>	
Los!	Club Ajouad	<http://nl.wikipedia.org/wiki/Club_Ajouad>	
Anderb.	Arne Anderberg	<http://nl.wikipedia.org/wiki/Arne_Anderberg>	
H.V.V.	HVV (Den Haag)	<http://nl.wikipedia.org/wiki/HVV_(Den_Haag)>	
T.h.t.	Houdbaarheidsdatum	<http://nl.wikipedia.org/wiki/Houdbaarheidsdatum>	
A.b.k.m.	Academie Beeldende Kunsten Maastricht	<http://nl.wikipedia.org/wiki/Academie_Beeldende_Kunsten_Maastricht>	
Ridl.	Henry Nicholas Ridley	<http://nl.wikipedia.org/wiki/Henry_Nicholas_Ridley>	
Seidenf.	Gunnar Seidenfaden	<http://nl.wikipedia.org/wiki/Gunnar_Seidenfaden>	
Schltr.	Friedrich Richard Rudolf Schlechter	<http://nl.wikipedia.org/wiki/Friedrich_Richard_Rudolf_Schlechter>	
M.A.Clem.	Mark Alwin Clements	<http://nl.wikipedia.org/wiki/Mark_Alwin_Clements>	
Quisumb.	Eduardo Quisumbing	<http://nl.wikipedia.org/wiki/Eduardo_Quisumbing>	
Sw.	Olof Peter Swartz	<http://nl.wikipedia.org/wiki/Olof_Peter_Swartz>	
Kraenzl.	Friedrich Wilhelm Ludwig Kraenzlin	<http://nl.wikipedia.org/wiki/Friedrich_Wilhelm_Ludwig_Kraenzlin>	
Night-rider!	Night-Rider!	<http://nl.wikipedia.org/wiki/Night-Rider!>	
Clairv.	Joseph Philippe de Clairville	<http://nl.wikipedia.org/wiki/Joseph_Philippe_de_Clairville>	
Brieg.	Friedrich Gustav Brieger	<http://nl.wikipedia.org/wiki/Friedrich_Gustav_Brieger>	
Rich.	Louis Claude Richard	<http://nl.wikipedia.org/wiki/Louis_Claude_Richard>	
V.I.A.	Vereniging Industriële Automatisering	<http://nl.wikipedia.org/wiki/Vereniging_Industriële_Automatisering>	
T.e.a.b.	Lijst van afkortingen	<http://nl.wikipedia.org/wiki/Lijst_van_afkortingen>	
C.s.	CS	<http://nl.wikipedia.org/wiki/CS>	
G.C.H.C.	Groningsche Cricket en Hockey Club	<http://nl.wikipedia.org/wiki/Groningsche_Cricket_en_Hockey_Club>	
H.L.M.	Habitation à loyer modéré	<http://nl.wikipedia.org/wiki/Habitation_à_loyer_modéré>	
N.G.V.V.	Nederlandse Grootloge der Gemengde Vrijmetselarij	<http://nl.wikipedia.org/wiki/Nederlandse_Grootloge_der_Gemengde_Vrijmetselarij>	
N.G.G.V.	Nederlandse Grootloge der Gemengde Vrijmetselarij	<http://nl.wikipedia.org/wiki/Nederlandse_Grootloge_der_Gemengde_Vrijmetselarij>	
Trb.	Tractatenblad	<http://nl.wikipedia.org/wiki/Tractatenblad>	
Vs.	VS	<http://nl.wikipedia.org/wiki/VS>	
D.M.Hend.	Douglas Mackay Henderson	<http://nl.wikipedia.org/wiki/Douglas_Mackay_Henderson>	
P.U.L.S.E.	Pulse (album van Pink Floyd)	<http://nl.wikipedia.org/wiki/Pulse_(album_van_Pink_Floyd)>	
Y.P.F.	Young People Fucking	<http://nl.wikipedia.org/wiki/Young_People_Fucking>	
Frisol-G.B.C.	Frisol	<http://nl.wikipedia.org/wiki/Frisol>	
Steyerm.	Julian Alfred Steyermark	<http://nl.wikipedia.org/wiki/Julian_Alfred_Steyermark>	
R.A.L.	Ral	<http://nl.wikipedia.org/wiki/Ral>	
Rydb.	Per Axel Rydberg	<http://nl.wikipedia.org/wiki/Per_Axel_Rydberg>	
H.Rob.	Harold Robinson	<http://nl.wikipedia.org/wiki/Harold_Robinson>	
J.J.Verm.	Jaap Jan Vermeulen	<http://nl.wikipedia.org/wiki/Jaap_Jan_Vermeulen>	
J.O.N.A.S.	Jonas L.A.	<http://nl.wikipedia.org/wiki/Jonas_L.A.>	
Maks!	MAKS!	<http://nl.wikipedia.org/wiki/MAKS!>	
M.u.l.o.	Meer uitgebreid lager onderwijs	<http://nl.wikipedia.org/wiki/Meer_uitgebreid_lager_onderwijs>	
Ft.	Featuring	<http://nl.wikipedia.org/wiki/Featuring>	
Feat.	Featuring	<http://nl.wikipedia.org/wiki/Featuring>	
Schweinf.	Georg August Schweinfurth	<http://nl.wikipedia.org/wiki/Georg_August_Schweinfurth>	
Caz!	Arrow Caz	<http://nl.wikipedia.org/wiki/Arrow_Caz>	
U.B.V.	Utrechtse Biologen Vereniging	<http://nl.wikipedia.org/wiki/Utrechtse_Biologen_Vereniging>	
T.M.F.	TMF Group	<http://nl.wikipedia.org/wiki/TMF_Group>	
A.R.Sm.	Alan Reid Smith	<http://nl.wikipedia.org/wiki/Alan_Reid_Smith>	
K.g.	KG	<http://nl.wikipedia.org/wiki/KG>	
Mansf.	Rudolf Mansfeld	<http://nl.wikipedia.org/wiki/Rudolf_Mansfeld>	
B.O.E.	Bond van Oproerige Edelsmeden	<http://nl.wikipedia.org/wiki/Bond_van_Oproerige_Edelsmeden>	
Burns-Bal.	Pamela Burns-Balogh	<http://nl.wikipedia.org/wiki/Pamela_Burns-Balogh>	
K.L.E.M.	X Factor (seizoen 2)	<http://nl.wikipedia.org/wiki/X_Factor_(seizoen_2)>	
Szlach.	Dariusz Lucjan Szlachetko	<http://nl.wikipedia.org/wiki/Dariusz_Lucjan_Szlachetko>	
R.T.Penn.	Toby Pennington	<http://nl.wikipedia.org/wiki/Toby_Pennington>	
Wassh.	Dieter Wasshausen	<http://nl.wikipedia.org/wiki/Dieter_Wasshausen>	
B.o.b.	B.o.B	<http://nl.wikipedia.org/wiki/B.o.B>	
Grensmaas..	Grensmaas Noord	<http://nl.wikipedia.org/wiki/Grensmaas_Noord>	
W.o.	WO	<http://nl.wikipedia.org/wiki/WO>	
Syn.	Synoniem	<http://nl.wikipedia.org/wiki/Synoniem>	
N.S.Z.K.	Nederlandse Studenten Zwem Kompetitie	<http://nl.wikipedia.org/wiki/Nederlandse_Studenten_Zwem_Kompetitie>	
F.L.U.D.D.	Super Mario Sunshine	<http://nl.wikipedia.org/wiki/Super_Mario_Sunshine>	
H.K.H.	Koninklijke Hoogheid	<http://nl.wikipedia.org/wiki/Koninklijke_Hoogheid>	
T.O.A.	Tramwegen van Antwerpen en Omgeving	<http://nl.wikipedia.org/wiki/Tramwegen_van_Antwerpen_en_Omgeving>	
T.V.	Tramways Verviétois	<http://nl.wikipedia.org/wiki/Tramways_Verviétois>	
S.A.T.V.	Tramways Verviétois	<http://nl.wikipedia.org/wiki/Tramways_Verviétois>	
V.Chr.	Anno Domini	<http://nl.wikipedia.org/wiki/Anno_Domini>	
Mamasé!	MaMaSé!	<http://nl.wikipedia.org/wiki/MaMaSé!>	
H.b.s.	Hogereburgerschool	<http://nl.wikipedia.org/wiki/Hogereburgerschool>	
K.N.V.B.	Koninklijke Nederlandse Voetbal Bond	<http://nl.wikipedia.org/wiki/Koninklijke_Nederlandse_Voetbal_Bond>	
T.A.O.	Tramwegen van Antwerpen en Omgeving	<http://nl.wikipedia.org/wiki/Tramwegen_van_Antwerpen_en_Omgeving>	
K.V.H.N.T.	Koninklijke Vereeniging Het Nederlandsch Tooneel	<http://nl.wikipedia.org/wiki/Koninklijke_Vereeniging_Het_Nederlandsch_Tooneel>	
Subgen.	Ondergeslacht	<http://nl.wikipedia.org/wiki/Ondergeslacht>	
P.O.	Plastische opvoeding	<http://nl.wikipedia.org/wiki/Plastische_opvoeding>	
H.A.F.M.O.	Hans van Mierlo (D66)	<http://nl.wikipedia.org/wiki/Hans_van_Mierlo_(D66)>	
Ritard.	Ritenuto	<http://nl.wikipedia.org/wiki/Ritenuto>	
NJAM!	Njam!	<http://nl.wikipedia.org/wiki/Njam!>	
Late!	Dave Grohl	<http://nl.wikipedia.org/wiki/Dave_Grohl>	
N.M.B.S.	Nationale Maatschappij der Belgische Spoorwegen	<http://nl.wikipedia.org/wiki/Nationale_Maatschappij_der_Belgische_Spoorwegen>	
N.I.R.	Nationaal Instituut voor de Radio-omroep	<http://nl.wikipedia.org/wiki/Nationaal_Instituut_voor_de_Radio-omroep>	
M.O.	Mo	<http://nl.wikipedia.org/wiki/Mo>	
Neustadt/Vogtl.	Neustadt im Vogtland	<http://nl.wikipedia.org/wiki/Neustadt_im_Vogtland>	
Jeopardy!	Waagstuk	<http://nl.wikipedia.org/wiki/Waagstuk>	
Thalheim/Erzgeb.	Thalheim (Saksen)	<http://nl.wikipedia.org/wiki/Thalheim_(Saksen)>	
O.C.S.O.	Trappisten	<http://nl.wikipedia.org/wiki/Trappisten>	
J.O.N.A.S!	Jonas L.A.	<http://nl.wikipedia.org/wiki/Jonas_L.A.>	
B.U.B.	Belgische Unie - Union belge	<http://nl.wikipedia.org/wiki/Belgische_Unie_-_Union_belge>	
A'DAM-E.V.A.	A'dam - E.V.A.	<http://nl.wikipedia.org/wiki/A'dam_-_E.V.A.>	
K.O.K.W.	Koninklijke Oudheidkundige Kring van het Land van Waas	<http://nl.wikipedia.org/wiki/Koninklijke_Oudheidkundige_Kring_van_het_Land_van_Waas>	
ایران.	.ir	<http://nl.wikipedia.org/wiki/.ir>	
الاردن.	.jo	<http://nl.wikipedia.org/wiki/.jo>	
فلسطين.	.ps	<http://nl.wikipedia.org/wiki/.ps>	
Go!	Go! Go! Go!	<http://nl.wikipedia.org/wiki/Go!_Go!_Go!>	
R.A.M.	Ram	<http://nl.wikipedia.org/wiki/Ram>	
Hi-De-Hi!	Hi-de-Hi!	<http://nl.wikipedia.org/wiki/Hi-de-Hi!>	
S.H.O.E.	H.O.R.S.E.	<http://nl.wikipedia.org/wiki/H.O.R.S.E.>	
H.O.S.E.	H.O.R.S.E.	<http://nl.wikipedia.org/wiki/H.O.R.S.E.>	
N.Chr.	Anno Domini	<http://nl.wikipedia.org/wiki/Anno_Domini>	
B.A.I.	Belau Air	<http://nl.wikipedia.org/wiki/Belau_Air>	
Z.L.	Donnet-Zedel	<http://nl.wikipedia.org/wiki/Donnet-Zedel>	
CC.OO.	Comisiones Obreras	<http://nl.wikipedia.org/wiki/Comisiones_Obreras>	
P.Y.T.	P.Y.T. (Pretty Young Thing)	<http://nl.wikipedia.org/wiki/P.Y.T._(Pretty_Young_Thing)>	
Hardball!	HardBall!	<http://nl.wikipedia.org/wiki/HardBall!>	
R.I.S.K.	Risk	<http://nl.wikipedia.org/wiki/Risk>	
Oppassen!	Oppassen!!!	<http://nl.wikipedia.org/wiki/Oppassen!!!>	
B.W.B.	Koninklijke Belgische Wielrijdersbond	<http://nl.wikipedia.org/wiki/Koninklijke_Belgische_Wielrijdersbond>	
D.A.C.	DAC (rapgroep)	<http://nl.wikipedia.org/wiki/DAC_(rapgroep)>	
!Alarma!	¡Alarma!	<http://nl.wikipedia.org/wiki/¡Alarma!>	
!?!	Interrobang	<http://nl.wikipedia.org/wiki/Interrobang>	
D.W.V.	A.S.V. D.W.V.	<http://nl.wikipedia.org/wiki/A.S.V._D.W.V.>	
A.E.M.	A.É.M.	<http://nl.wikipedia.org/wiki/A.É.M.>	
Boernichen/Erzgeb.	Erzgeb.	<http://nl.wikipedia.org/wiki/Börnichen/Erzgeb.>	
Bornichen/Erzgeb.	Erzgeb.	<http://nl.wikipedia.org/wiki/Börnichen/Erzgeb.>	
Snatch.	Snatch (film)	<http://nl.wikipedia.org/wiki/Snatch_(film)>	
MaMaSe!	MaMaSé!	<http://nl.wikipedia.org/wiki/MaMaSé!>	
Schoneck/Vogtl.	Vogtl.	<http://nl.wikipedia.org/wiki/Schöneck/Vogtl.>	
Schoeneck/Vogtl.	Vogtl.	<http://nl.wikipedia.org/wiki/Schöneck/Vogtl.>	
Alarma!	¡Alarma!	<http://nl.wikipedia.org/wiki/¡Alarma!>	
Atame!	¡Átame!	<http://nl.wikipedia.org/wiki/¡Átame!>	
Weissenborn/Erzgeb.	Erzgeb.	<http://nl.wikipedia.org/wiki/Weißenborn/Erzgeb.>	
Frem.	John Charles Frémont	<http://nl.wikipedia.org/wiki/John_Charles_Frémont>	
Mamase!	MaMaSé!	<http://nl.wikipedia.org/wiki/MaMaSé!>	
GYBE!	Godspeed You! Black Emperor	<http://nl.wikipedia.org/wiki/Godspeed_You!_Black_Emperor>	
C.E.Hubb.	Charles Edward Hubbard	<http://nl.wikipedia.org/wiki/Charles_Edward_Hubbard>	
Morgan!	Morgan: A Suitable Case for Treatment	<http://nl.wikipedia.org/wiki/Morgan:_A_Suitable_Case_for_Treatment>	
LA.O.S.	Laikos Orthodoxos Synagermos	<http://nl.wikipedia.org/wiki/Laikos_Orthodoxos_Synagermos>	
OMG!	Internetjargon	<http://nl.wikipedia.org/wiki/Internetjargon>	
D.H.T.	DHT (band)	<http://nl.wikipedia.org/wiki/DHT_(band)>	
Ibid.	Ibidem	<http://nl.wikipedia.org/wiki/Ibidem>	
Trin.	Carl Bernhard von Trinius	<http://nl.wikipedia.org/wiki/Carl_Bernhard_von_Trinius>	
R.E.S.P.E.C.T.	Respect (lied)	<http://nl.wikipedia.org/wiki/Respect_(lied)>	
Boiss.	Pierre Edmond Boissier	<http://nl.wikipedia.org/wiki/Pierre_Edmond_Boissier>	
Chiov.	Emilio Chiovenda	<http://nl.wikipedia.org/wiki/Emilio_Chiovenda>	
C.M.R.	CMR (conventie goederenvervoer)	<http://nl.wikipedia.org/wiki/CMR_(conventie_goederenvervoer)>	
Baill.	Henri Ernest Baillon	<http://nl.wikipedia.org/wiki/Henri_Ernest_Baillon>	
Aubl.	Jean Baptiste Christian Fusée Aublet	<http://nl.wikipedia.org/wiki/Jean_Baptiste_Christian_Fusée_Aublet>	
Endl.	Stephan Endlicher	<http://nl.wikipedia.org/wiki/Stephan_Endlicher>	
Groen!	Groen (partij)	<http://nl.wikipedia.org/wiki/Groen_(partij)>	
Melody.	Melody Miyuki Ishikawa	<http://nl.wikipedia.org/wiki/Melody_Miyuki_Ishikawa>	
Janet.	Janet (album)	<http://nl.wikipedia.org/wiki/Janet_(album)>	
LIBERA!	Libera!	<http://nl.wikipedia.org/wiki/Libera!>	
Lour.	João de Loureiro	<http://nl.wikipedia.org/wiki/João_de_Loureiro>	
K.I.A.	K.I.A. (Krapoel In Axe)	<http://nl.wikipedia.org/wiki/K.I.A._(Krapoel_In_Axe)>	
Linn.	Carolus Linnaeus	<http://nl.wikipedia.org/wiki/Carolus_Linnaeus>	
Film-c.v.	Filmproductiemaatschappij	<http://nl.wikipedia.org/wiki/Filmproductiemaatschappij>	
V.J.S.L.	JFV Grotius	<http://nl.wikipedia.org/wiki/JFV_Grotius>	
Shazam!	Shazam! (televisieserie)	<http://nl.wikipedia.org/wiki/Shazam!_(televisieserie)>	
U.S.C.	United States Code	<http://nl.wikipedia.org/wiki/United_States_Code>	
S.F.I.O.	Section Française de l'Internationale Ouvrière	<http://nl.wikipedia.org/wiki/Section_Française_de_l'Internationale_Ouvrière>	
Forssk.	Peter Forsskål	<http://nl.wikipedia.org/wiki/Peter_Forsskål>	
Seg.	Attacca	<http://nl.wikipedia.org/wiki/Attacca>	
S.B.S.	Van der Schuijt, Van der Boom en Stanfries NV	<http://nl.wikipedia.org/wiki/Van_der_Schuijt,_Van_der_Boom_en_Stanfries_NV>	
Yo!	Zonneland	<http://nl.wikipedia.org/wiki/Zonneland>	
U.l.o.	Meer uitgebreid lager onderwijs	<http://nl.wikipedia.org/wiki/Meer_uitgebreid_lager_onderwijs>	
Mr.P.C.	Klaas Bijlsma	<http://nl.wikipedia.org/wiki/Klaas_Bijlsma>	
R.A.C.E.	Team SpiderTech-C10	<http://nl.wikipedia.org/wiki/Team_SpiderTech-C10>	
Uno!	¡Uno!	<http://nl.wikipedia.org/wiki/¡Uno!>	
Poing!	Rotterdam Termination Source	<http://nl.wikipedia.org/wiki/Rotterdam_Termination_Source>	
F.L.S.	Linnean Society of London	<http://nl.wikipedia.org/wiki/Linnean_Society_of_London>	
P.Jørg.	Peter Møller Jørgensen	<http://nl.wikipedia.org/wiki/Peter_Møller_Jørgensen>	
S.O.D.	Stormtroopers of Death	<http://nl.wikipedia.org/wiki/Stormtroopers_of_Death>	
O.O.N.	Orde van Oranje-Nassau	<http://nl.wikipedia.org/wiki/Orde_van_Oranje-Nassau>	
O.T.T.	Onvoltooid tegenwoordige tijd	<http://nl.wikipedia.org/wiki/Onvoltooid_tegenwoordige_tijd>	
O.V.T.	Onvoltooid verleden tijd	<http://nl.wikipedia.org/wiki/Onvoltooid_verleden_tijd>	
O.v.t.	Onvoltooid verleden tijd	<http://nl.wikipedia.org/wiki/Onvoltooid_verleden_tijd>	
O.t.t.	Onvoltooid tegenwoordige tijd	<http://nl.wikipedia.org/wiki/Onvoltooid_tegenwoordige_tijd>	
B.i.r.	Wedgie	<http://nl.wikipedia.org/wiki/Wedgie>	
A.M.Y.	Amy (computerspel)	<http://nl.wikipedia.org/wiki/Amy_(computerspel)>	
P.Jorg.	Peter Møller Jørgensen	<http://nl.wikipedia.org/wiki/Peter_Møller_Jørgensen>	
C.B.A.	Compagnie belge d'actualités	<http://nl.wikipedia.org/wiki/Compagnie_belge_d'actualités>	
Blijf!	Blijf! (film)	<http://nl.wikipedia.org/wiki/Blijf!_(film)>	
¡Trè!	¡Tré!	<http://nl.wikipedia.org/wiki/¡Tré!>	
Dos!	¡Dos!	<http://nl.wikipedia.org/wiki/¡Dos!>	
Tre!	¡Tré!	<http://nl.wikipedia.org/wiki/¡Tré!>	
ONTBIJTPIET!	OntbijtPiet!	<http://nl.wikipedia.org/wiki/OntbijtPiet!>	
Raissa!	Raïssa	<http://nl.wikipedia.org/wiki/Raïssa>	
D.O.P.	Director of photography	<http://nl.wikipedia.org/wiki/Director_of_photography>	
N.B.N.	Nieuwe Biologische Nomenclatuur	<http://nl.wikipedia.org/wiki/Nieuwe_Biologische_Nomenclatuur>	
D.M.C.	Darryl McDaniels	<http://nl.wikipedia.org/wiki/Darryl_McDaniels>	
Pausa/Vogtl.	Pausa-Mühltroff	<http://nl.wikipedia.org/wiki/Pausa-Mühltroff>	
H.C.A.M.	Hollandsche Crediet- en Agentuur Maatschappij	<http://nl.wikipedia.org/wiki/Hollandsche_Crediet-_en_Agentuur_Maatschappij>	
Brunn/Thur.	Thür.	<http://nl.wikipedia.org/wiki/Brünn/Thür.>	
Jkvr.	Jonkheer	<http://nl.wikipedia.org/wiki/Jonkheer>	
Basto!	Basto (artiest)	<http://nl.wikipedia.org/wiki/Basto_(artiest)>	
AKD.	AKD advocaten & notarissen	<http://nl.wikipedia.org/wiki/AKD_advocaten_&_notarissen>	
Lauter/Sa.	Lauter (Lauter-Bernsbach)	<http://nl.wikipedia.org/wiki/Lauter_(Lauter-Bernsbach)>	
S.K.A.Y.	S.K.A.J.	<http://nl.wikipedia.org/wiki/S.K.A.J.>	
